path,git_status,disposition,evidence
README.md,M,BRAND_REPLACED_IN_CURRENT_TREE,active former-name references replaced with RAGWarrant identifiers
src/ragwarrant/behavioral_governance.py,M,BRAND_REPLACED_IN_CURRENT_TREE,active former-name references replaced with RAGWarrant identifiers
src/ragwarrant/validation_phase3.py,M,BRAND_REPLACED_IN_CURRENT_TREE,active former-name references replaced with RAGWarrant identifiers
tests/test_ragwarrant_crag_mock_api_hardening_phase.py,M,BRAND_REPLACED_IN_CURRENT_TREE,active former-name references replaced with RAGWarrant identifiers
artifacts/current_ragwarrant_evidence/ragwarrant_crag_mock_api_validation_v1_20260809-165415-92d8c0edd4,??,CURRENT_ALIAS_ADDED,RAGWarrant-branded copy used by active behavioral governance code
src/ragwarrant_governance.egg-info/PKG-INFO,D,REMOVED_GENERATED_METADATA,*.egg-info/ added to .gitignore
src/ragwarrant_governance.egg-info/SOURCES.txt,D,REMOVED_GENERATED_METADATA,*.egg-info/ added to .gitignore
src/ragwarrant_governance.egg-info/dependency_links.txt,D,REMOVED_GENERATED_METADATA,*.egg-info/ added to .gitignore
src/ragwarrant_governance.egg-info/entry_points.txt,D,REMOVED_GENERATED_METADATA,*.egg-info/ added to .gitignore
src/ragwarrant_governance.egg-info/requires.txt,D,REMOVED_GENERATED_METADATA,*.egg-info/ added to .gitignore
src/ragwarrant_governance.egg-info/top_level.txt,D,REMOVED_GENERATED_METADATA,*.egg-info/ added to .gitignore
artifacts/selected_run_summaries/runs/ragtune_beneficial_governance_divergence_search_v1_20260809-170326-3dbd620301/beneficial_governance_candidate_table.csv,D,REMOVED_REDUNDANT_IN_TAG,v0.1.0-rc1 at ff529005bf7d00a0c3f79ba991563f3923d63205
artifacts/selected_run_summaries/runs/ragtune_beneficial_governance_divergence_search_v1_20260809-170326-3dbd620301/beneficial_governance_divergence_cases.json,D,REMOVED_REDUNDANT_IN_TAG,v0.1.0-rc1 at ff529005bf7d00a0c3f79ba991563f3923d63205
artifacts/selected_run_summaries/runs/ragtune_beneficial_governance_divergence_search_v1_20260809-170326-3dbd620301/beneficial_governance_divergence_search_manifest.json,D,REMOVED_REDUNDANT_IN_TAG,v0.1.0-rc1 at ff529005bf7d00a0c3f79ba991563f3923d63205
artifacts/selected_run_summaries/runs/ragtune_beneficial_governance_divergence_search_v1_20260809-170326-3dbd620301/beneficial_governance_divergence_search_report.md,D,REMOVED_REDUNDANT_IN_TAG,v0.1.0-rc1 at ff529005bf7d00a0c3f79ba991563f3923d63205
artifacts/selected_run_summaries/runs/ragtune_beneficial_governance_divergence_search_v1_20260809-170326-3dbd620301/beneficial_governance_divergence_summary.json,D,REMOVED_REDUNDANT_IN_TAG,v0.1.0-rc1 at ff529005bf7d00a0c3f79ba991563f3923d63205
artifacts/selected_run_summaries/runs/ragtune_beneficial_governance_divergence_search_v1_20260809-170326-3dbd620301/input_config.yaml,D,REMOVED_REDUNDANT_IN_TAG,v0.1.0-rc1 at ff529005bf7d00a0c3f79ba991563f3923d63205
artifacts/selected_run_summaries/runs/ragtune_beneficial_governance_divergence_search_v1_20260809-170326-3dbd620301/no_overwrite_audit.json,D,REMOVED_REDUNDANT_IN_TAG,v0.1.0-rc1 at ff529005bf7d00a0c3f79ba991563f3923d63205
artifacts/selected_run_summaries/runs/ragtune_beneficial_governance_divergence_search_v1_20260809-170326-3dbd620301/run_manifest.json,D,REMOVED_REDUNDANT_IN_TAG,v0.1.0-rc1 at ff529005bf7d00a0c3f79ba991563f3923d63205
artifacts/selected_run_summaries/runs/ragtune_crag_mock_api_ablation_v1_20260809-174530-9fc15ace19/ablation_result.json,D,REMOVED_REDUNDANT_IN_TAG,v0.1.0-rc1 at ff529005bf7d00a0c3f79ba991563f3923d63205
artifacts/selected_run_summaries/runs/ragtune_crag_mock_api_ablation_v1_20260809-174530-9fc15ace19/api_efficiency_analysis.json,D,REMOVED_REDUNDANT_IN_TAG,v0.1.0-rc1 at ff529005bf7d00a0c3f79ba991563f3923d63205
artifacts/selected_run_summaries/runs/ragtune_crag_mock_api_ablation_v1_20260809-174530-9fc15ace19/counterfactual_governance_layers.json,D,REMOVED_REDUNDANT_IN_TAG,v0.1.0-rc1 at ff529005bf7d00a0c3f79ba991563f3923d63205
artifacts/selected_run_summaries/runs/ragtune_crag_mock_api_ablation_v1_20260809-174530-9fc15ace19/crag_mock_api_ablation_manifest.json,D,REMOVED_REDUNDANT_IN_TAG,v0.1.0-rc1 at ff529005bf7d00a0c3f79ba991563f3923d63205
artifacts/selected_run_summaries/runs/ragtune_crag_mock_api_ablation_v1_20260809-174530-9fc15ace19/crag_mock_api_ablation_report.md,D,REMOVED_REDUNDANT_IN_TAG,v0.1.0-rc1 at ff529005bf7d00a0c3f79ba991563f3923d63205
artifacts/selected_run_summaries/runs/ragtune_crag_mock_api_ablation_v1_20260809-174530-9fc15ace19/input_config.yaml,D,REMOVED_REDUNDANT_IN_TAG,v0.1.0-rc1 at ff529005bf7d00a0c3f79ba991563f3923d63205
artifacts/selected_run_summaries/runs/ragtune_crag_mock_api_ablation_v1_20260809-174530-9fc15ace19/no_overwrite_audit.json,D,REMOVED_REDUNDANT_IN_TAG,v0.1.0-rc1 at ff529005bf7d00a0c3f79ba991563f3923d63205
artifacts/selected_run_summaries/runs/ragtune_crag_mock_api_ablation_v1_20260809-174530-9fc15ace19/overfit_generalization_analysis.json,D,REMOVED_REDUNDANT_IN_TAG,v0.1.0-rc1 at ff529005bf7d00a0c3f79ba991563f3923d63205
artifacts/selected_run_summaries/runs/ragtune_crag_mock_api_ablation_v1_20260809-174530-9fc15ace19/query_segment_analysis.csv,D,REMOVED_REDUNDANT_IN_TAG,v0.1.0-rc1 at ff529005bf7d00a0c3f79ba991563f3923d63205
artifacts/selected_run_summaries/runs/ragtune_crag_mock_api_ablation_v1_20260809-174530-9fc15ace19/retrieval_noise_analysis.json,D,REMOVED_REDUNDANT_IN_TAG,v0.1.0-rc1 at ff529005bf7d00a0c3f79ba991563f3923d63205
artifacts/selected_run_summaries/runs/ragtune_crag_mock_api_ablation_v1_20260809-174530-9fc15ace19/run_manifest.json,D,REMOVED_REDUNDANT_IN_TAG,v0.1.0-rc1 at ff529005bf7d00a0c3f79ba991563f3923d63205
artifacts/selected_run_summaries/runs/ragtune_crag_mock_api_ablation_v1_20260809-174530-9fc15ace19/top_k_low_vs_greedy_metrics.csv,D,REMOVED_REDUNDANT_IN_TAG,v0.1.0-rc1 at ff529005bf7d00a0c3f79ba991563f3923d63205
artifacts/selected_run_summaries/runs/ragtune_crag_mock_api_ablation_v1_20260809-174530-9fc15ace19/utility_decomposition.json,D,REMOVED_REDUNDANT_IN_TAG,v0.1.0-rc1 at ff529005bf7d00a0c3f79ba991563f3923d63205
artifacts/selected_run_summaries/runs/ragtune_crag_mock_api_case_explanation_pack_v1_20260809-174530-2c68f91651/case_pack_result.json,D,REMOVED_REDUNDANT_IN_TAG,v0.1.0-rc1 at ff529005bf7d00a0c3f79ba991563f3923d63205
artifacts/selected_run_summaries/runs/ragtune_crag_mock_api_case_explanation_pack_v1_20260809-174530-2c68f91651/case_pack_selection_rationale.json,D,REMOVED_REDUNDANT_IN_TAG,v0.1.0-rc1 at ff529005bf7d00a0c3f79ba991563f3923d63205
artifacts/selected_run_summaries/runs/ragtune_crag_mock_api_case_explanation_pack_v1_20260809-174530-2c68f91651/crag_mock_api_case_pack_manifest.json,D,REMOVED_REDUNDANT_IN_TAG,v0.1.0-rc1 at ff529005bf7d00a0c3f79ba991563f3923d63205
artifacts/selected_run_summaries/runs/ragtune_crag_mock_api_case_explanation_pack_v1_20260809-174530-2c68f91651/crag_mock_api_case_packets.json,D,REMOVED_REDUNDANT_IN_TAG,v0.1.0-rc1 at ff529005bf7d00a0c3f79ba991563f3923d63205
artifacts/selected_run_summaries/runs/ragtune_crag_mock_api_case_explanation_pack_v1_20260809-174530-2c68f91651/crag_mock_api_case_packets.md,D,REMOVED_REDUNDANT_IN_TAG,v0.1.0-rc1 at ff529005bf7d00a0c3f79ba991563f3923d63205
artifacts/selected_run_summaries/runs/ragtune_crag_mock_api_case_explanation_pack_v1_20260809-174530-2c68f91651/crag_mock_api_executive_case_pack.md,D,REMOVED_REDUNDANT_IN_TAG,v0.1.0-rc1 at ff529005bf7d00a0c3f79ba991563f3923d63205
artifacts/selected_run_summaries/runs/ragtune_crag_mock_api_case_explanation_pack_v1_20260809-174530-2c68f91651/crag_mock_api_technical_case_pack.md,D,REMOVED_REDUNDANT_IN_TAG,v0.1.0-rc1 at ff529005bf7d00a0c3f79ba991563f3923d63205
artifacts/selected_run_summaries/runs/ragtune_crag_mock_api_case_explanation_pack_v1_20260809-174530-2c68f91651/input_config.yaml,D,REMOVED_REDUNDANT_IN_TAG,v0.1.0-rc1 at ff529005bf7d00a0c3f79ba991563f3923d63205
artifacts/selected_run_summaries/runs/ragtune_crag_mock_api_case_explanation_pack_v1_20260809-174530-2c68f91651/no_overwrite_audit.json,D,REMOVED_REDUNDANT_IN_TAG,v0.1.0-rc1 at ff529005bf7d00a0c3f79ba991563f3923d63205
artifacts/selected_run_summaries/runs/ragtune_crag_mock_api_case_explanation_pack_v1_20260809-174530-2c68f91651/run_manifest.json,D,REMOVED_REDUNDANT_IN_TAG,v0.1.0-rc1 at ff529005bf7d00a0c3f79ba991563f3923d63205
artifacts/selected_run_summaries/runs/ragtune_crag_mock_api_docker_reproduction_v1_20260809-180013-afbd193043/input_config.yaml,D,REMOVED_REDUNDANT_IN_TAG,v0.1.0-rc1 at ff529005bf7d00a0c3f79ba991563f3923d63205
artifacts/selected_run_summaries/runs/ragtune_crag_mock_api_docker_reproduction_v1_20260809-180046-afbd193043/crag_mock_api_docker_reproduction_manifest.json,D,REMOVED_REDUNDANT_IN_TAG,v0.1.0-rc1 at ff529005bf7d00a0c3f79ba991563f3923d63205
artifacts/selected_run_summaries/runs/ragtune_crag_mock_api_docker_reproduction_v1_20260809-180046-afbd193043/docker_build_report.json,D,REMOVED_REDUNDANT_IN_TAG,v0.1.0-rc1 at ff529005bf7d00a0c3f79ba991563f3923d63205
artifacts/selected_run_summaries/runs/ragtune_crag_mock_api_docker_reproduction_v1_20260809-180046-afbd193043/docker_mock_api_server_report.json,D,REMOVED_REDUNDANT_IN_TAG,v0.1.0-rc1 at ff529005bf7d00a0c3f79ba991563f3923d63205
artifacts/selected_run_summaries/runs/ragtune_crag_mock_api_docker_reproduction_v1_20260809-180046-afbd193043/docker_parent_comparison.json,D,REMOVED_REDUNDANT_IN_TAG,v0.1.0-rc1 at ff529005bf7d00a0c3f79ba991563f3923d63205
artifacts/selected_run_summaries/runs/ragtune_crag_mock_api_docker_reproduction_v1_20260809-180046-afbd193043/docker_reproduction_report.md,D,REMOVED_REDUNDANT_IN_TAG,v0.1.0-rc1 at ff529005bf7d00a0c3f79ba991563f3923d63205
artifacts/selected_run_summaries/runs/ragtune_crag_mock_api_docker_reproduction_v1_20260809-180046-afbd193043/docker_reproduction_result.json,D,REMOVED_REDUNDANT_IN_TAG,v0.1.0-rc1 at ff529005bf7d00a0c3f79ba991563f3923d63205
artifacts/selected_run_summaries/runs/ragtune_crag_mock_api_docker_reproduction_v1_20260809-180046-afbd193043/docker_runtime_report.json,D,REMOVED_REDUNDANT_IN_TAG,v0.1.0-rc1 at ff529005bf7d00a0c3f79ba991563f3923d63205
artifacts/selected_run_summaries/runs/ragtune_crag_mock_api_docker_reproduction_v1_20260809-180046-afbd193043/docker_validation_run_manifest.json,D,REMOVED_REDUNDANT_IN_TAG,v0.1.0-rc1 at ff529005bf7d00a0c3f79ba991563f3923d63205
artifacts/selected_run_summaries/runs/ragtune_crag_mock_api_docker_reproduction_v1_20260809-180046-afbd193043/input_config.yaml,D,REMOVED_REDUNDANT_IN_TAG,v0.1.0-rc1 at ff529005bf7d00a0c3f79ba991563f3923d63205
artifacts/selected_run_summaries/runs/ragtune_crag_mock_api_docker_reproduction_v1_20260809-180046-afbd193043/no_overwrite_audit.json,D,REMOVED_REDUNDANT_IN_TAG,v0.1.0-rc1 at ff529005bf7d00a0c3f79ba991563f3923d63205
artifacts/selected_run_summaries/runs/ragtune_crag_mock_api_docker_reproduction_v1_20260809-180046-afbd193043/run_manifest.json,D,REMOVED_REDUNDANT_IN_TAG,v0.1.0-rc1 at ff529005bf7d00a0c3f79ba991563f3923d63205
artifacts/selected_run_summaries/runs/ragtune_crag_mock_api_evidence_synthesis_v1_20260809-180106-feec0b5d7f/claim_status_table.csv,D,REMOVED_REDUNDANT_IN_TAG,v0.1.0-rc1 at ff529005bf7d00a0c3f79ba991563f3923d63205
artifacts/selected_run_summaries/runs/ragtune_crag_mock_api_evidence_synthesis_v1_20260809-180106-feec0b5d7f/crag_mock_api_evidence_synthesis_manifest.json,D,REMOVED_REDUNDANT_IN_TAG,v0.1.0-rc1 at ff529005bf7d00a0c3f79ba991563f3923d63205
artifacts/selected_run_summaries/runs/ragtune_crag_mock_api_evidence_synthesis_v1_20260809-180106-feec0b5d7f/crag_mock_api_evidence_synthesis_report.md,D,REMOVED_REDUNDANT_IN_TAG,v0.1.0-rc1 at ff529005bf7d00a0c3f79ba991563f3923d63205
artifacts/selected_run_summaries/runs/ragtune_crag_mock_api_evidence_synthesis_v1_20260809-180106-feec0b5d7f/cross_run_evidence_summary.json,D,REMOVED_REDUNDANT_IN_TAG,v0.1.0-rc1 at ff529005bf7d00a0c3f79ba991563f3923d63205
artifacts/selected_run_summaries/runs/ragtune_crag_mock_api_evidence_synthesis_v1_20260809-180106-feec0b5d7f/executive_result_summary.md,D,REMOVED_REDUNDANT_IN_TAG,v0.1.0-rc1 at ff529005bf7d00a0c3f79ba991563f3923d63205
artifacts/selected_run_summaries/runs/ragtune_crag_mock_api_evidence_synthesis_v1_20260809-180106-feec0b5d7f/input_config.yaml,D,REMOVED_REDUNDANT_IN_TAG,v0.1.0-rc1 at ff529005bf7d00a0c3f79ba991563f3923d63205
artifacts/selected_run_summaries/runs/ragtune_crag_mock_api_evidence_synthesis_v1_20260809-180106-feec0b5d7f/no_overwrite_audit.json,D,REMOVED_REDUNDANT_IN_TAG,v0.1.0-rc1 at ff529005bf7d00a0c3f79ba991563f3923d63205
artifacts/selected_run_summaries/runs/ragtune_crag_mock_api_evidence_synthesis_v1_20260809-180106-feec0b5d7f/paper_ready_result_summary.md,D,REMOVED_REDUNDANT_IN_TAG,v0.1.0-rc1 at ff529005bf7d00a0c3f79ba991563f3923d63205
artifacts/selected_run_summaries/runs/ragtune_crag_mock_api_evidence_synthesis_v1_20260809-180106-feec0b5d7f/run_manifest.json,D,REMOVED_REDUNDANT_IN_TAG,v0.1.0-rc1 at ff529005bf7d00a0c3f79ba991563f3923d63205
artifacts/selected_run_summaries/runs/ragtune_crag_mock_api_repeat_validation_v1_20260809-174530-3685275f39/crag_mock_api_repeat_validation_manifest.json,D,REMOVED_REDUNDANT_IN_TAG,v0.1.0-rc1 at ff529005bf7d00a0c3f79ba991563f3923d63205
artifacts/selected_run_summaries/runs/ragtune_crag_mock_api_repeat_validation_v1_20260809-174530-3685275f39/crag_mock_api_repeat_validation_report.md,D,REMOVED_REDUNDANT_IN_TAG,v0.1.0-rc1 at ff529005bf7d00a0c3f79ba991563f3923d63205
artifacts/selected_run_summaries/runs/ragtune_crag_mock_api_repeat_validation_v1_20260809-174530-3685275f39/cross_split_synthesis.json,D,REMOVED_REDUNDANT_IN_TAG,v0.1.0-rc1 at ff529005bf7d00a0c3f79ba991563f3923d63205
artifacts/selected_run_summaries/runs/ragtune_crag_mock_api_repeat_validation_v1_20260809-174530-3685275f39/input_config.yaml,D,REMOVED_REDUNDANT_IN_TAG,v0.1.0-rc1 at ff529005bf7d00a0c3f79ba991563f3923d63205
artifacts/selected_run_summaries/runs/ragtune_crag_mock_api_repeat_validation_v1_20260809-174530-3685275f39/no_overwrite_audit.json,D,REMOVED_REDUNDANT_IN_TAG,v0.1.0-rc1 at ff529005bf7d00a0c3f79ba991563f3923d63205
artifacts/selected_run_summaries/runs/ragtune_crag_mock_api_repeat_validation_v1_20260809-174530-3685275f39/repeat_leakage_report.json,D,REMOVED_REDUNDANT_IN_TAG,v0.1.0-rc1 at ff529005bf7d00a0c3f79ba991563f3923d63205
artifacts/selected_run_summaries/runs/ragtune_crag_mock_api_repeat_validation_v1_20260809-174530-3685275f39/repeat_parent_comparison.json,D,REMOVED_REDUNDANT_IN_TAG,v0.1.0-rc1 at ff529005bf7d00a0c3f79ba991563f3923d63205
artifacts/selected_run_summaries/runs/ragtune_crag_mock_api_repeat_validation_v1_20260809-174530-3685275f39/repeat_split_manifest.json,D,REMOVED_REDUNDANT_IN_TAG,v0.1.0-rc1 at ff529005bf7d00a0c3f79ba991563f3923d63205
artifacts/selected_run_summaries/runs/ragtune_crag_mock_api_repeat_validation_v1_20260809-174530-3685275f39/repeat_statistical_analysis.json,D,REMOVED_REDUNDANT_IN_TAG,v0.1.0-rc1 at ff529005bf7d00a0c3f79ba991563f3923d63205
artifacts/selected_run_summaries/runs/ragtune_crag_mock_api_repeat_validation_v1_20260809-174530-3685275f39/repeat_utility_sensitivity.csv,D,REMOVED_REDUNDANT_IN_TAG,v0.1.0-rc1 at ff529005bf7d00a0c3f79ba991563f3923d63205
artifacts/selected_run_summaries/runs/ragtune_crag_mock_api_repeat_validation_v1_20260809-174530-3685275f39/repeat_validation_results.csv,D,REMOVED_REDUNDANT_IN_TAG,v0.1.0-rc1 at ff529005bf7d00a0c3f79ba991563f3923d63205
artifacts/selected_run_summaries/runs/ragtune_crag_mock_api_repeat_validation_v1_20260809-174530-3685275f39/run_manifest.json,D,REMOVED_REDUNDANT_IN_TAG,v0.1.0-rc1 at ff529005bf7d00a0c3f79ba991563f3923d63205
artifacts/selected_run_summaries/runs/ragtune_crag_mock_api_validation_v1_20260809-162440-92d8c0edd4/crag_mock_api_budget_latency_report.json,D,REMOVED_REDUNDANT_IN_TAG,v0.1.0-rc1 at ff529005bf7d00a0c3f79ba991563f3923d63205
artifacts/selected_run_summaries/runs/ragtune_crag_mock_api_validation_v1_20260809-162440-92d8c0edd4/crag_mock_api_candidate_metrics.csv,D,REMOVED_REDUNDANT_IN_TAG,v0.1.0-rc1 at ff529005bf7d00a0c3f79ba991563f3923d63205
artifacts/selected_run_summaries/runs/ragtune_crag_mock_api_validation_v1_20260809-162440-92d8c0edd4/crag_mock_api_confirmatory_candidate_metrics.csv,D,REMOVED_REDUNDANT_IN_TAG,v0.1.0-rc1 at ff529005bf7d00a0c3f79ba991563f3923d63205
artifacts/selected_run_summaries/runs/ragtune_crag_mock_api_validation_v1_20260809-162440-92d8c0edd4/crag_mock_api_domain_task_sample.csv,D,REMOVED_REDUNDANT_IN_TAG,v0.1.0-rc1 at ff529005bf7d00a0c3f79ba991563f3923d63205
artifacts/selected_run_summaries/runs/ragtune_crag_mock_api_validation_v1_20260809-162440-92d8c0edd4/crag_mock_api_per_query_results.csv,D,REMOVED_REDUNDANT_IN_TAG,v0.1.0-rc1 at ff529005bf7d00a0c3f79ba991563f3923d63205
artifacts/selected_run_summaries/runs/ragtune_crag_mock_api_validation_v1_20260809-162440-92d8c0edd4/crag_mock_api_selection_report.json,D,REMOVED_REDUNDANT_IN_TAG,v0.1.0-rc1 at ff529005bf7d00a0c3f79ba991563f3923d63205
artifacts/selected_run_summaries/runs/ragtune_crag_mock_api_validation_v1_20260809-162440-92d8c0edd4/crag_mock_api_server_logs_sanitized.txt,D,REMOVED_REDUNDANT_IN_TAG,v0.1.0-rc1 at ff529005bf7d00a0c3f79ba991563f3923d63205
artifacts/selected_run_summaries/runs/ragtune_crag_mock_api_validation_v1_20260809-162440-92d8c0edd4/crag_mock_api_statistical_analysis.json,D,REMOVED_REDUNDANT_IN_TAG,v0.1.0-rc1 at ff529005bf7d00a0c3f79ba991563f3923d63205
artifacts/selected_run_summaries/runs/ragtune_crag_mock_api_validation_v1_20260809-162440-92d8c0edd4/crag_mock_api_validation_freeze_manifest.json,D,REMOVED_REDUNDANT_IN_TAG,v0.1.0-rc1 at ff529005bf7d00a0c3f79ba991563f3923d63205
artifacts/selected_run_summaries/runs/ragtune_crag_mock_api_validation_v1_20260809-162440-92d8c0edd4/crag_mock_api_validation_manifest.json,D,REMOVED_REDUNDANT_IN_TAG,v0.1.0-rc1 at ff529005bf7d00a0c3f79ba991563f3923d63205
artifacts/selected_run_summaries/runs/ragtune_crag_mock_api_validation_v1_20260809-162440-92d8c0edd4/crag_mock_api_validation_report.md,D,REMOVED_REDUNDANT_IN_TAG,v0.1.0-rc1 at ff529005bf7d00a0c3f79ba991563f3923d63205
artifacts/selected_run_summaries/runs/ragtune_crag_mock_api_validation_v1_20260809-162440-92d8c0edd4/input_config.yaml,D,REMOVED_REDUNDANT_IN_TAG,v0.1.0-rc1 at ff529005bf7d00a0c3f79ba991563f3923d63205
artifacts/selected_run_summaries/runs/ragtune_crag_mock_api_validation_v1_20260809-162440-92d8c0edd4/no_overwrite_audit.json,D,REMOVED_REDUNDANT_IN_TAG,v0.1.0-rc1 at ff529005bf7d00a0c3f79ba991563f3923d63205
artifacts/selected_run_summaries/runs/ragtune_crag_mock_api_validation_v1_20260809-162440-92d8c0edd4/run_manifest.json,D,REMOVED_REDUNDANT_IN_TAG,v0.1.0-rc1 at ff529005bf7d00a0c3f79ba991563f3923d63205
artifacts/selected_run_summaries/runs/ragtune_crag_mock_api_validation_v1_20260809-164913-92d8c0edd4/crag_mock_api_budget_latency_report.json,D,REMOVED_REDUNDANT_IN_TAG,v0.1.0-rc1 at ff529005bf7d00a0c3f79ba991563f3923d63205
artifacts/selected_run_summaries/runs/ragtune_crag_mock_api_validation_v1_20260809-164913-92d8c0edd4/crag_mock_api_candidate_metrics.csv,D,REMOVED_REDUNDANT_IN_TAG,v0.1.0-rc1 at ff529005bf7d00a0c3f79ba991563f3923d63205
artifacts/selected_run_summaries/runs/ragtune_crag_mock_api_validation_v1_20260809-164913-92d8c0edd4/crag_mock_api_confirmatory_candidate_metrics.csv,D,REMOVED_REDUNDANT_IN_TAG,v0.1.0-rc1 at ff529005bf7d00a0c3f79ba991563f3923d63205
artifacts/selected_run_summaries/runs/ragtune_crag_mock_api_validation_v1_20260809-164913-92d8c0edd4/crag_mock_api_domain_task_sample.csv,D,REMOVED_REDUNDANT_IN_TAG,v0.1.0-rc1 at ff529005bf7d00a0c3f79ba991563f3923d63205
artifacts/selected_run_summaries/runs/ragtune_crag_mock_api_validation_v1_20260809-164913-92d8c0edd4/crag_mock_api_per_query_results.csv,D,REMOVED_REDUNDANT_IN_TAG,v0.1.0-rc1 at ff529005bf7d00a0c3f79ba991563f3923d63205
artifacts/selected_run_summaries/runs/ragtune_crag_mock_api_validation_v1_20260809-164913-92d8c0edd4/crag_mock_api_selection_report.json,D,REMOVED_REDUNDANT_IN_TAG,v0.1.0-rc1 at ff529005bf7d00a0c3f79ba991563f3923d63205
artifacts/selected_run_summaries/runs/ragtune_crag_mock_api_validation_v1_20260809-164913-92d8c0edd4/crag_mock_api_server_logs_sanitized.txt,D,REMOVED_REDUNDANT_IN_TAG,v0.1.0-rc1 at ff529005bf7d00a0c3f79ba991563f3923d63205
artifacts/selected_run_summaries/runs/ragtune_crag_mock_api_validation_v1_20260809-164913-92d8c0edd4/crag_mock_api_statistical_analysis.json,D,REMOVED_REDUNDANT_IN_TAG,v0.1.0-rc1 at ff529005bf7d00a0c3f79ba991563f3923d63205
artifacts/selected_run_summaries/runs/ragtune_crag_mock_api_validation_v1_20260809-164913-92d8c0edd4/crag_mock_api_utility_sensitivity.csv,D,REMOVED_REDUNDANT_IN_TAG,v0.1.0-rc1 at ff529005bf7d00a0c3f79ba991563f3923d63205
artifacts/selected_run_summaries/runs/ragtune_crag_mock_api_validation_v1_20260809-164913-92d8c0edd4/crag_mock_api_utility_sensitivity.json,D,REMOVED_REDUNDANT_IN_TAG,v0.1.0-rc1 at ff529005bf7d00a0c3f79ba991563f3923d63205
artifacts/selected_run_summaries/runs/ragtune_crag_mock_api_validation_v1_20260809-164913-92d8c0edd4/crag_mock_api_validation_freeze_manifest.json,D,REMOVED_REDUNDANT_IN_TAG,v0.1.0-rc1 at ff529005bf7d00a0c3f79ba991563f3923d63205
artifacts/selected_run_summaries/runs/ragtune_crag_mock_api_validation_v1_20260809-164913-92d8c0edd4/crag_mock_api_validation_manifest.json,D,REMOVED_REDUNDANT_IN_TAG,v0.1.0-rc1 at ff529005bf7d00a0c3f79ba991563f3923d63205
artifacts/selected_run_summaries/runs/ragtune_crag_mock_api_validation_v1_20260809-164913-92d8c0edd4/crag_mock_api_validation_report.md,D,REMOVED_REDUNDANT_IN_TAG,v0.1.0-rc1 at ff529005bf7d00a0c3f79ba991563f3923d63205
artifacts/selected_run_summaries/runs/ragtune_crag_mock_api_validation_v1_20260809-164913-92d8c0edd4/input_config.yaml,D,REMOVED_REDUNDANT_IN_TAG,v0.1.0-rc1 at ff529005bf7d00a0c3f79ba991563f3923d63205
artifacts/selected_run_summaries/runs/ragtune_crag_mock_api_validation_v1_20260809-164913-92d8c0edd4/no_overwrite_audit.json,D,REMOVED_REDUNDANT_IN_TAG,v0.1.0-rc1 at ff529005bf7d00a0c3f79ba991563f3923d63205
artifacts/selected_run_summaries/runs/ragtune_crag_mock_api_validation_v1_20260809-164913-92d8c0edd4/run_manifest.json,D,REMOVED_REDUNDANT_IN_TAG,v0.1.0-rc1 at ff529005bf7d00a0c3f79ba991563f3923d63205
artifacts/selected_run_summaries/runs/ragtune_crag_mock_api_validation_v1_20260809-165415-92d8c0edd4/crag_mock_api_budget_latency_report.json,D,REMOVED_REDUNDANT_IN_TAG,v0.1.0-rc1 at ff529005bf7d00a0c3f79ba991563f3923d63205
artifacts/selected_run_summaries/runs/ragtune_crag_mock_api_validation_v1_20260809-165415-92d8c0edd4/crag_mock_api_candidate_metrics.csv,D,REMOVED_REDUNDANT_IN_TAG,v0.1.0-rc1 at ff529005bf7d00a0c3f79ba991563f3923d63205
artifacts/selected_run_summaries/runs/ragtune_crag_mock_api_validation_v1_20260809-165415-92d8c0edd4/crag_mock_api_confirmatory_candidate_metrics.csv,D,REMOVED_REDUNDANT_IN_TAG,v0.1.0-rc1 at ff529005bf7d00a0c3f79ba991563f3923d63205
artifacts/selected_run_summaries/runs/ragtune_crag_mock_api_validation_v1_20260809-165415-92d8c0edd4/crag_mock_api_domain_task_sample.csv,D,REMOVED_REDUNDANT_IN_TAG,v0.1.0-rc1 at ff529005bf7d00a0c3f79ba991563f3923d63205
artifacts/selected_run_summaries/runs/ragtune_crag_mock_api_validation_v1_20260809-165415-92d8c0edd4/crag_mock_api_per_query_results.csv,D,REMOVED_REDUNDANT_IN_TAG,v0.1.0-rc1 at ff529005bf7d00a0c3f79ba991563f3923d63205
artifacts/selected_run_summaries/runs/ragtune_crag_mock_api_validation_v1_20260809-165415-92d8c0edd4/crag_mock_api_selection_report.json,D,REMOVED_REDUNDANT_IN_TAG,v0.1.0-rc1 at ff529005bf7d00a0c3f79ba991563f3923d63205
artifacts/selected_run_summaries/runs/ragtune_crag_mock_api_validation_v1_20260809-165415-92d8c0edd4/crag_mock_api_server_logs_sanitized.txt,D,REMOVED_REDUNDANT_IN_TAG,v0.1.0-rc1 at ff529005bf7d00a0c3f79ba991563f3923d63205
artifacts/selected_run_summaries/runs/ragtune_crag_mock_api_validation_v1_20260809-165415-92d8c0edd4/crag_mock_api_statistical_analysis.json,D,REMOVED_REDUNDANT_IN_TAG,v0.1.0-rc1 at ff529005bf7d00a0c3f79ba991563f3923d63205
artifacts/selected_run_summaries/runs/ragtune_crag_mock_api_validation_v1_20260809-165415-92d8c0edd4/crag_mock_api_utility_sensitivity.csv,D,REMOVED_REDUNDANT_IN_TAG,v0.1.0-rc1 at ff529005bf7d00a0c3f79ba991563f3923d63205
artifacts/selected_run_summaries/runs/ragtune_crag_mock_api_validation_v1_20260809-165415-92d8c0edd4/crag_mock_api_utility_sensitivity.json,D,REMOVED_REDUNDANT_IN_TAG,v0.1.0-rc1 at ff529005bf7d00a0c3f79ba991563f3923d63205
artifacts/selected_run_summaries/runs/ragtune_crag_mock_api_validation_v1_20260809-165415-92d8c0edd4/crag_mock_api_validation_freeze_manifest.json,D,REMOVED_REDUNDANT_IN_TAG,v0.1.0-rc1 at ff529005bf7d00a0c3f79ba991563f3923d63205
artifacts/selected_run_summaries/runs/ragtune_crag_mock_api_validation_v1_20260809-165415-92d8c0edd4/crag_mock_api_validation_manifest.json,D,REMOVED_REDUNDANT_IN_TAG,v0.1.0-rc1 at ff529005bf7d00a0c3f79ba991563f3923d63205
artifacts/selected_run_summaries/runs/ragtune_crag_mock_api_validation_v1_20260809-165415-92d8c0edd4/crag_mock_api_validation_report.md,D,REMOVED_REDUNDANT_IN_TAG,v0.1.0-rc1 at ff529005bf7d00a0c3f79ba991563f3923d63205
artifacts/selected_run_summaries/runs/ragtune_crag_mock_api_validation_v1_20260809-165415-92d8c0edd4/input_config.yaml,D,REMOVED_REDUNDANT_IN_TAG,v0.1.0-rc1 at ff529005bf7d00a0c3f79ba991563f3923d63205
artifacts/selected_run_summaries/runs/ragtune_crag_mock_api_validation_v1_20260809-165415-92d8c0edd4/no_overwrite_audit.json,D,REMOVED_REDUNDANT_IN_TAG,v0.1.0-rc1 at ff529005bf7d00a0c3f79ba991563f3923d63205
artifacts/selected_run_summaries/runs/ragtune_crag_mock_api_validation_v1_20260809-165415-92d8c0edd4/run_manifest.json,D,REMOVED_REDUNDANT_IN_TAG,v0.1.0-rc1 at ff529005bf7d00a0c3f79ba991563f3923d63205
artifacts/selected_run_summaries/runs/ragtune_crag_mock_api_validation_v1_20260809-174919-7cf1da20ed/crag_mock_api_per_query_results.csv,D,REMOVED_REDUNDANT_IN_TAG,v0.1.0-rc1 at ff529005bf7d00a0c3f79ba991563f3923d63205
artifacts/selected_run_summaries/runs/ragtune_crag_mock_api_validation_v1_20260809-174919-7cf1da20ed/crag_mock_api_statistical_analysis.json,D,REMOVED_REDUNDANT_IN_TAG,v0.1.0-rc1 at ff529005bf7d00a0c3f79ba991563f3923d63205
artifacts/selected_run_summaries/runs/ragtune_crag_mock_api_validation_v1_20260809-174919-7cf1da20ed/crag_mock_api_validation_manifest.json,D,REMOVED_REDUNDANT_IN_TAG,v0.1.0-rc1 at ff529005bf7d00a0c3f79ba991563f3923d63205
artifacts/selected_run_summaries/runs/ragtune_crag_mock_api_validation_v1_20260809-174919-7cf1da20ed/crag_mock_api_validation_report.md,D,REMOVED_REDUNDANT_IN_TAG,v0.1.0-rc1 at ff529005bf7d00a0c3f79ba991563f3923d63205
artifacts/selected_run_summaries/runs/ragtune_crag_mock_api_validation_v1_20260809-174919-7cf1da20ed/input_config.yaml,D,REMOVED_REDUNDANT_IN_TAG,v0.1.0-rc1 at ff529005bf7d00a0c3f79ba991563f3923d63205
artifacts/selected_run_summaries/runs/ragtune_crag_mock_api_validation_v1_20260809-174919-7cf1da20ed/no_overwrite_audit.json,D,REMOVED_REDUNDANT_IN_TAG,v0.1.0-rc1 at ff529005bf7d00a0c3f79ba991563f3923d63205
artifacts/selected_run_summaries/runs/ragtune_crag_mock_api_validation_v1_20260809-174919-7cf1da20ed/run_manifest.json,D,REMOVED_REDUNDANT_IN_TAG,v0.1.0-rc1 at ff529005bf7d00a0c3f79ba991563f3923d63205
artifacts/selected_run_summaries/runs/ragtune_human_eval_pilot_v4_20260809-170222-04e5da91fa/human_eval_interrater_report.json,D,REMOVED_REDUNDANT_IN_TAG,v0.1.0-rc1 at ff529005bf7d00a0c3f79ba991563f3923d63205
artifacts/selected_run_summaries/runs/ragtune_human_eval_pilot_v4_20260809-170222-04e5da91fa/human_eval_metric_alignment.json,D,REMOVED_REDUNDANT_IN_TAG,v0.1.0-rc1 at ff529005bf7d00a0c3f79ba991563f3923d63205
artifacts/selected_run_summaries/runs/ragtune_human_eval_pilot_v4_20260809-170222-04e5da91fa/human_eval_pairs_blinded.csv,D,REMOVED_REDUNDANT_IN_TAG,v0.1.0-rc1 at ff529005bf7d00a0c3f79ba991563f3923d63205
artifacts/selected_run_summaries/runs/ragtune_human_eval_pilot_v4_20260809-170222-04e5da91fa/human_eval_pilot_v4_manifest.json,D,REMOVED_REDUNDANT_IN_TAG,v0.1.0-rc1 at ff529005bf7d00a0c3f79ba991563f3923d63205
artifacts/selected_run_summaries/runs/ragtune_human_eval_pilot_v4_20260809-170222-04e5da91fa/human_eval_pilot_v4_report.md,D,REMOVED_REDUNDANT_IN_TAG,v0.1.0-rc1 at ff529005bf7d00a0c3f79ba991563f3923d63205
artifacts/selected_run_summaries/runs/ragtune_human_eval_pilot_v4_20260809-170222-04e5da91fa/input_config.yaml,D,REMOVED_REDUNDANT_IN_TAG,v0.1.0-rc1 at ff529005bf7d00a0c3f79ba991563f3923d63205
artifacts/selected_run_summaries/runs/ragtune_human_eval_pilot_v4_20260809-170222-04e5da91fa/no_overwrite_audit.json,D,REMOVED_REDUNDANT_IN_TAG,v0.1.0-rc1 at ff529005bf7d00a0c3f79ba991563f3923d63205
artifacts/selected_run_summaries/runs/ragtune_human_eval_pilot_v4_20260809-170222-04e5da91fa/run_manifest.json,D,REMOVED_REDUNDANT_IN_TAG,v0.1.0-rc1 at ff529005bf7d00a0c3f79ba991563f3923d63205
artifacts/selected_run_summaries/runs/ragtune_human_eval_pilot_v4_20260809-170327-04e5da91fa/human_eval_interrater_report.json,D,REMOVED_REDUNDANT_IN_TAG,v0.1.0-rc1 at ff529005bf7d00a0c3f79ba991563f3923d63205
artifacts/selected_run_summaries/runs/ragtune_human_eval_pilot_v4_20260809-170327-04e5da91fa/human_eval_metric_alignment.json,D,REMOVED_REDUNDANT_IN_TAG,v0.1.0-rc1 at ff529005bf7d00a0c3f79ba991563f3923d63205
artifacts/selected_run_summaries/runs/ragtune_human_eval_pilot_v4_20260809-170327-04e5da91fa/human_eval_pairs_blinded.csv,D,REMOVED_REDUNDANT_IN_TAG,v0.1.0-rc1 at ff529005bf7d00a0c3f79ba991563f3923d63205
artifacts/selected_run_summaries/runs/ragtune_human_eval_pilot_v4_20260809-170327-04e5da91fa/human_eval_pilot_v4_manifest.json,D,REMOVED_REDUNDANT_IN_TAG,v0.1.0-rc1 at ff529005bf7d00a0c3f79ba991563f3923d63205
artifacts/selected_run_summaries/runs/ragtune_human_eval_pilot_v4_20260809-170327-04e5da91fa/human_eval_pilot_v4_report.md,D,REMOVED_REDUNDANT_IN_TAG,v0.1.0-rc1 at ff529005bf7d00a0c3f79ba991563f3923d63205
artifacts/selected_run_summaries/runs/ragtune_human_eval_pilot_v4_20260809-170327-04e5da91fa/input_config.yaml,D,REMOVED_REDUNDANT_IN_TAG,v0.1.0-rc1 at ff529005bf7d00a0c3f79ba991563f3923d63205
artifacts/selected_run_summaries/runs/ragtune_human_eval_pilot_v4_20260809-170327-04e5da91fa/no_overwrite_audit.json,D,REMOVED_REDUNDANT_IN_TAG,v0.1.0-rc1 at ff529005bf7d00a0c3f79ba991563f3923d63205
artifacts/selected_run_summaries/runs/ragtune_human_eval_pilot_v4_20260809-170327-04e5da91fa/run_manifest.json,D,REMOVED_REDUNDANT_IN_TAG,v0.1.0-rc1 at ff529005bf7d00a0c3f79ba991563f3923d63205
artifacts/selected_run_summaries/runs/ragtune_natural_divergence_adjudication_v1_20260809-170222-f5dacc1eb1/beneficial_divergence_summary.json,D,REMOVED_REDUNDANT_IN_TAG,v0.1.0-rc1 at ff529005bf7d00a0c3f79ba991563f3923d63205
artifacts/selected_run_summaries/runs/ragtune_natural_divergence_adjudication_v1_20260809-170222-f5dacc1eb1/input_config.yaml,D,REMOVED_REDUNDANT_IN_TAG,v0.1.0-rc1 at ff529005bf7d00a0c3f79ba991563f3923d63205
artifacts/selected_run_summaries/runs/ragtune_natural_divergence_adjudication_v1_20260809-170222-f5dacc1eb1/natural_divergence_adjudication_manifest.json,D,REMOVED_REDUNDANT_IN_TAG,v0.1.0-rc1 at ff529005bf7d00a0c3f79ba991563f3923d63205
artifacts/selected_run_summaries/runs/ragtune_natural_divergence_adjudication_v1_20260809-170222-f5dacc1eb1/natural_divergence_adjudication_report.md,D,REMOVED_REDUNDANT_IN_TAG,v0.1.0-rc1 at ff529005bf7d00a0c3f79ba991563f3923d63205
artifacts/selected_run_summaries/runs/ragtune_natural_divergence_adjudication_v1_20260809-170222-f5dacc1eb1/natural_divergence_case_packets.json,D,REMOVED_REDUNDANT_IN_TAG,v0.1.0-rc1 at ff529005bf7d00a0c3f79ba991563f3923d63205
artifacts/selected_run_summaries/runs/ragtune_natural_divergence_adjudication_v1_20260809-170222-f5dacc1eb1/natural_divergence_case_packets.md,D,REMOVED_REDUNDANT_IN_TAG,v0.1.0-rc1 at ff529005bf7d00a0c3f79ba991563f3923d63205
artifacts/selected_run_summaries/runs/ragtune_natural_divergence_adjudication_v1_20260809-170222-f5dacc1eb1/natural_divergence_classification_table.csv,D,REMOVED_REDUNDANT_IN_TAG,v0.1.0-rc1 at ff529005bf7d00a0c3f79ba991563f3923d63205
artifacts/selected_run_summaries/runs/ragtune_natural_divergence_adjudication_v1_20260809-170222-f5dacc1eb1/no_overwrite_audit.json,D,REMOVED_REDUNDANT_IN_TAG,v0.1.0-rc1 at ff529005bf7d00a0c3f79ba991563f3923d63205
artifacts/selected_run_summaries/runs/ragtune_natural_divergence_adjudication_v1_20260809-170222-f5dacc1eb1/run_manifest.json,D,REMOVED_REDUNDANT_IN_TAG,v0.1.0-rc1 at ff529005bf7d00a0c3f79ba991563f3923d63205
artifacts/selected_run_summaries/runs/ragtune_natural_divergence_adjudication_v1_20260809-170326-f5dacc1eb1/beneficial_divergence_summary.json,D,REMOVED_REDUNDANT_IN_TAG,v0.1.0-rc1 at ff529005bf7d00a0c3f79ba991563f3923d63205
artifacts/selected_run_summaries/runs/ragtune_natural_divergence_adjudication_v1_20260809-170326-f5dacc1eb1/input_config.yaml,D,REMOVED_REDUNDANT_IN_TAG,v0.1.0-rc1 at ff529005bf7d00a0c3f79ba991563f3923d63205
artifacts/selected_run_summaries/runs/ragtune_natural_divergence_adjudication_v1_20260809-170326-f5dacc1eb1/natural_divergence_adjudication_manifest.json,D,REMOVED_REDUNDANT_IN_TAG,v0.1.0-rc1 at ff529005bf7d00a0c3f79ba991563f3923d63205
artifacts/selected_run_summaries/runs/ragtune_natural_divergence_adjudication_v1_20260809-170326-f5dacc1eb1/natural_divergence_adjudication_report.md,D,REMOVED_REDUNDANT_IN_TAG,v0.1.0-rc1 at ff529005bf7d00a0c3f79ba991563f3923d63205
artifacts/selected_run_summaries/runs/ragtune_natural_divergence_adjudication_v1_20260809-170326-f5dacc1eb1/natural_divergence_case_packets.json,D,REMOVED_REDUNDANT_IN_TAG,v0.1.0-rc1 at ff529005bf7d00a0c3f79ba991563f3923d63205
artifacts/selected_run_summaries/runs/ragtune_natural_divergence_adjudication_v1_20260809-170326-f5dacc1eb1/natural_divergence_case_packets.md,D,REMOVED_REDUNDANT_IN_TAG,v0.1.0-rc1 at ff529005bf7d00a0c3f79ba991563f3923d63205
artifacts/selected_run_summaries/runs/ragtune_natural_divergence_adjudication_v1_20260809-170326-f5dacc1eb1/natural_divergence_classification_table.csv,D,REMOVED_REDUNDANT_IN_TAG,v0.1.0-rc1 at ff529005bf7d00a0c3f79ba991563f3923d63205
artifacts/selected_run_summaries/runs/ragtune_natural_divergence_adjudication_v1_20260809-170326-f5dacc1eb1/no_overwrite_audit.json,D,REMOVED_REDUNDANT_IN_TAG,v0.1.0-rc1 at ff529005bf7d00a0c3f79ba991563f3923d63205
artifacts/selected_run_summaries/runs/ragtune_natural_divergence_adjudication_v1_20260809-170326-f5dacc1eb1/run_manifest.json,D,REMOVED_REDUNDANT_IN_TAG,v0.1.0-rc1 at ff529005bf7d00a0c3f79ba991563f3923d63205
artifacts/selected_run_summaries/runs/ragtune_strict_git_provenance_repair_v1_20260809-162434-8621179ce7/docker_git_provenance_report.json,D,REMOVED_REDUNDANT_IN_TAG,v0.1.0-rc1 at ff529005bf7d00a0c3f79ba991563f3923d63205
artifacts/selected_run_summaries/runs/ragtune_strict_git_provenance_repair_v1_20260809-162434-8621179ce7/docker_git_provenance_report.md,D,REMOVED_REDUNDANT_IN_TAG,v0.1.0-rc1 at ff529005bf7d00a0c3f79ba991563f3923d63205
artifacts/selected_run_summaries/runs/ragtune_strict_git_provenance_repair_v1_20260809-162434-8621179ce7/git_command_outputs.json,D,REMOVED_REDUNDANT_IN_TAG,v0.1.0-rc1 at ff529005bf7d00a0c3f79ba991563f3923d63205
artifacts/selected_run_summaries/runs/ragtune_strict_git_provenance_repair_v1_20260809-162434-8621179ce7/input_config.yaml,D,REMOVED_REDUNDANT_IN_TAG,v0.1.0-rc1 at ff529005bf7d00a0c3f79ba991563f3923d63205
artifacts/selected_run_summaries/runs/ragtune_strict_git_provenance_repair_v1_20260809-162434-8621179ce7/no_overwrite_audit.json,D,REMOVED_REDUNDANT_IN_TAG,v0.1.0-rc1 at ff529005bf7d00a0c3f79ba991563f3923d63205
artifacts/selected_run_summaries/runs/ragtune_strict_git_provenance_repair_v1_20260809-162434-8621179ce7/run_manifest.json,D,REMOVED_REDUNDANT_IN_TAG,v0.1.0-rc1 at ff529005bf7d00a0c3f79ba991563f3923d63205
artifacts/selected_run_summaries/runs/ragtune_strict_git_provenance_repair_v1_20260809-162434-8621179ce7/strict_git_provenance_manifest.json,D,REMOVED_REDUNDANT_IN_TAG,v0.1.0-rc1 at ff529005bf7d00a0c3f79ba991563f3923d63205
artifacts/selected_run_summaries/runs/ragtune_strict_git_provenance_repair_v1_20260809-162434-8621179ce7/strict_git_provenance_repair_report.json,D,REMOVED_REDUNDANT_IN_TAG,v0.1.0-rc1 at ff529005bf7d00a0c3f79ba991563f3923d63205
artifacts/selected_run_summaries/runs/ragtune_strict_git_provenance_repair_v1_20260809-162434-8621179ce7/strict_git_provenance_repair_report.md,D,REMOVED_REDUNDANT_IN_TAG,v0.1.0-rc1 at ff529005bf7d00a0c3f79ba991563f3923d63205
artifacts/selected_run_summaries/runs/ragtune_strict_git_provenance_repair_v1_20260809-164908-8621179ce7/docker_git_provenance_report.json,D,REMOVED_REDUNDANT_IN_TAG,v0.1.0-rc1 at ff529005bf7d00a0c3f79ba991563f3923d63205
artifacts/selected_run_summaries/runs/ragtune_strict_git_provenance_repair_v1_20260809-164908-8621179ce7/docker_git_provenance_report.md,D,REMOVED_REDUNDANT_IN_TAG,v0.1.0-rc1 at ff529005bf7d00a0c3f79ba991563f3923d63205
artifacts/selected_run_summaries/runs/ragtune_strict_git_provenance_repair_v1_20260809-164908-8621179ce7/git_command_outputs.json,D,REMOVED_REDUNDANT_IN_TAG,v0.1.0-rc1 at ff529005bf7d00a0c3f79ba991563f3923d63205
artifacts/selected_run_summaries/runs/ragtune_strict_git_provenance_repair_v1_20260809-164908-8621179ce7/input_config.yaml,D,REMOVED_REDUNDANT_IN_TAG,v0.1.0-rc1 at ff529005bf7d00a0c3f79ba991563f3923d63205
artifacts/selected_run_summaries/runs/ragtune_strict_git_provenance_repair_v1_20260809-164908-8621179ce7/no_overwrite_audit.json,D,REMOVED_REDUNDANT_IN_TAG,v0.1.0-rc1 at ff529005bf7d00a0c3f79ba991563f3923d63205
artifacts/selected_run_summaries/runs/ragtune_strict_git_provenance_repair_v1_20260809-164908-8621179ce7/run_manifest.json,D,REMOVED_REDUNDANT_IN_TAG,v0.1.0-rc1 at ff529005bf7d00a0c3f79ba991563f3923d63205
artifacts/selected_run_summaries/runs/ragtune_strict_git_provenance_repair_v1_20260809-164908-8621179ce7/strict_git_provenance_manifest.json,D,REMOVED_REDUNDANT_IN_TAG,v0.1.0-rc1 at ff529005bf7d00a0c3f79ba991563f3923d63205
artifacts/selected_run_summaries/runs/ragtune_strict_git_provenance_repair_v1_20260809-164908-8621179ce7/strict_git_provenance_repair_report.json,D,REMOVED_REDUNDANT_IN_TAG,v0.1.0-rc1 at ff529005bf7d00a0c3f79ba991563f3923d63205
artifacts/selected_run_summaries/runs/ragtune_strict_git_provenance_repair_v1_20260809-164908-8621179ce7/strict_git_provenance_repair_report.md,D,REMOVED_REDUNDANT_IN_TAG,v0.1.0-rc1 at ff529005bf7d00a0c3f79ba991563f3923d63205
artifacts/selected_run_summaries/runs/ragtune_strict_git_provenance_repair_v1_20260809-165408-8621179ce7/docker_git_provenance_report.json,D,REMOVED_REDUNDANT_IN_TAG,v0.1.0-rc1 at ff529005bf7d00a0c3f79ba991563f3923d63205
artifacts/selected_run_summaries/runs/ragtune_strict_git_provenance_repair_v1_20260809-165408-8621179ce7/docker_git_provenance_report.md,D,REMOVED_REDUNDANT_IN_TAG,v0.1.0-rc1 at ff529005bf7d00a0c3f79ba991563f3923d63205
artifacts/selected_run_summaries/runs/ragtune_strict_git_provenance_repair_v1_20260809-165408-8621179ce7/git_command_outputs.json,D,REMOVED_REDUNDANT_IN_TAG,v0.1.0-rc1 at ff529005bf7d00a0c3f79ba991563f3923d63205
artifacts/selected_run_summaries/runs/ragtune_strict_git_provenance_repair_v1_20260809-165408-8621179ce7/input_config.yaml,D,REMOVED_REDUNDANT_IN_TAG,v0.1.0-rc1 at ff529005bf7d00a0c3f79ba991563f3923d63205
artifacts/selected_run_summaries/runs/ragtune_strict_git_provenance_repair_v1_20260809-165408-8621179ce7/no_overwrite_audit.json,D,REMOVED_REDUNDANT_IN_TAG,v0.1.0-rc1 at ff529005bf7d00a0c3f79ba991563f3923d63205
artifacts/selected_run_summaries/runs/ragtune_strict_git_provenance_repair_v1_20260809-165408-8621179ce7/run_manifest.json,D,REMOVED_REDUNDANT_IN_TAG,v0.1.0-rc1 at ff529005bf7d00a0c3f79ba991563f3923d63205
artifacts/selected_run_summaries/runs/ragtune_strict_git_provenance_repair_v1_20260809-165408-8621179ce7/strict_git_provenance_manifest.json,D,REMOVED_REDUNDANT_IN_TAG,v0.1.0-rc1 at ff529005bf7d00a0c3f79ba991563f3923d63205
artifacts/selected_run_summaries/runs/ragtune_strict_git_provenance_repair_v1_20260809-165408-8621179ce7/strict_git_provenance_repair_report.json,D,REMOVED_REDUNDANT_IN_TAG,v0.1.0-rc1 at ff529005bf7d00a0c3f79ba991563f3923d63205
artifacts/selected_run_summaries/runs/ragtune_strict_git_provenance_repair_v1_20260809-165408-8621179ce7/strict_git_provenance_repair_report.md,D,REMOVED_REDUNDANT_IN_TAG,v0.1.0-rc1 at ff529005bf7d00a0c3f79ba991563f3923d63205
artifacts/selected_run_summaries/runs/ragtune_strict_git_provenance_repair_v1_20260809-170318-8621179ce7/docker_git_provenance_report.json,D,REMOVED_REDUNDANT_IN_TAG,v0.1.0-rc1 at ff529005bf7d00a0c3f79ba991563f3923d63205
artifacts/selected_run_summaries/runs/ragtune_strict_git_provenance_repair_v1_20260809-170318-8621179ce7/docker_git_provenance_report.md,D,REMOVED_REDUNDANT_IN_TAG,v0.1.0-rc1 at ff529005bf7d00a0c3f79ba991563f3923d63205
artifacts/selected_run_summaries/runs/ragtune_strict_git_provenance_repair_v1_20260809-170318-8621179ce7/git_command_outputs.json,D,REMOVED_REDUNDANT_IN_TAG,v0.1.0-rc1 at ff529005bf7d00a0c3f79ba991563f3923d63205
artifacts/selected_run_summaries/runs/ragtune_strict_git_provenance_repair_v1_20260809-170318-8621179ce7/input_config.yaml,D,REMOVED_REDUNDANT_IN_TAG,v0.1.0-rc1 at ff529005bf7d00a0c3f79ba991563f3923d63205
artifacts/selected_run_summaries/runs/ragtune_strict_git_provenance_repair_v1_20260809-170318-8621179ce7/no_overwrite_audit.json,D,REMOVED_REDUNDANT_IN_TAG,v0.1.0-rc1 at ff529005bf7d00a0c3f79ba991563f3923d63205
artifacts/selected_run_summaries/runs/ragtune_strict_git_provenance_repair_v1_20260809-170318-8621179ce7/run_manifest.json,D,REMOVED_REDUNDANT_IN_TAG,v0.1.0-rc1 at ff529005bf7d00a0c3f79ba991563f3923d63205
artifacts/selected_run_summaries/runs/ragtune_strict_git_provenance_repair_v1_20260809-170318-8621179ce7/strict_git_provenance_manifest.json,D,REMOVED_REDUNDANT_IN_TAG,v0.1.0-rc1 at ff529005bf7d00a0c3f79ba991563f3923d63205
artifacts/selected_run_summaries/runs/ragtune_strict_git_provenance_repair_v1_20260809-170318-8621179ce7/strict_git_provenance_repair_report.json,D,REMOVED_REDUNDANT_IN_TAG,v0.1.0-rc1 at ff529005bf7d00a0c3f79ba991563f3923d63205
artifacts/selected_run_summaries/runs/ragtune_strict_git_provenance_repair_v1_20260809-170318-8621179ce7/strict_git_provenance_repair_report.md,D,REMOVED_REDUNDANT_IN_TAG,v0.1.0-rc1 at ff529005bf7d00a0c3f79ba991563f3923d63205
artifacts/selected_run_summaries/runs/ragtune_strict_git_provenance_repair_v1_20260809-170600-8621179ce7/docker_git_provenance_report.json,D,REMOVED_REDUNDANT_IN_TAG,v0.1.0-rc1 at ff529005bf7d00a0c3f79ba991563f3923d63205
artifacts/selected_run_summaries/runs/ragtune_strict_git_provenance_repair_v1_20260809-170600-8621179ce7/docker_git_provenance_report.md,D,REMOVED_REDUNDANT_IN_TAG,v0.1.0-rc1 at ff529005bf7d00a0c3f79ba991563f3923d63205
artifacts/selected_run_summaries/runs/ragtune_strict_git_provenance_repair_v1_20260809-170600-8621179ce7/git_command_outputs.json,D,REMOVED_REDUNDANT_IN_TAG,v0.1.0-rc1 at ff529005bf7d00a0c3f79ba991563f3923d63205
artifacts/selected_run_summaries/runs/ragtune_strict_git_provenance_repair_v1_20260809-170600-8621179ce7/input_config.yaml,D,REMOVED_REDUNDANT_IN_TAG,v0.1.0-rc1 at ff529005bf7d00a0c3f79ba991563f3923d63205
artifacts/selected_run_summaries/runs/ragtune_strict_git_provenance_repair_v1_20260809-170600-8621179ce7/no_overwrite_audit.json,D,REMOVED_REDUNDANT_IN_TAG,v0.1.0-rc1 at ff529005bf7d00a0c3f79ba991563f3923d63205
artifacts/selected_run_summaries/runs/ragtune_strict_git_provenance_repair_v1_20260809-170600-8621179ce7/run_manifest.json,D,REMOVED_REDUNDANT_IN_TAG,v0.1.0-rc1 at ff529005bf7d00a0c3f79ba991563f3923d63205
artifacts/selected_run_summaries/runs/ragtune_strict_git_provenance_repair_v1_20260809-170600-8621179ce7/strict_git_provenance_manifest.json,D,REMOVED_REDUNDANT_IN_TAG,v0.1.0-rc1 at ff529005bf7d00a0c3f79ba991563f3923d63205
artifacts/selected_run_summaries/runs/ragtune_strict_git_provenance_repair_v1_20260809-170600-8621179ce7/strict_git_provenance_repair_report.json,D,REMOVED_REDUNDANT_IN_TAG,v0.1.0-rc1 at ff529005bf7d00a0c3f79ba991563f3923d63205
artifacts/selected_run_summaries/runs/ragtune_strict_git_provenance_repair_v1_20260809-170600-8621179ce7/strict_git_provenance_repair_report.md,D,REMOVED_REDUNDANT_IN_TAG,v0.1.0-rc1 at ff529005bf7d00a0c3f79ba991563f3923d63205
artifacts/selected_run_summaries/runs/ragtune_strict_git_provenance_repair_v1_20260809-173309-8621179ce7/docker_git_provenance_report.json,D,REMOVED_REDUNDANT_IN_TAG,v0.1.0-rc1 at ff529005bf7d00a0c3f79ba991563f3923d63205
artifacts/selected_run_summaries/runs/ragtune_strict_git_provenance_repair_v1_20260809-173309-8621179ce7/docker_git_provenance_report.md,D,REMOVED_REDUNDANT_IN_TAG,v0.1.0-rc1 at ff529005bf7d00a0c3f79ba991563f3923d63205
artifacts/selected_run_summaries/runs/ragtune_strict_git_provenance_repair_v1_20260809-173309-8621179ce7/git_command_outputs.json,D,REMOVED_REDUNDANT_IN_TAG,v0.1.0-rc1 at ff529005bf7d00a0c3f79ba991563f3923d63205
artifacts/selected_run_summaries/runs/ragtune_strict_git_provenance_repair_v1_20260809-173309-8621179ce7/input_config.yaml,D,REMOVED_REDUNDANT_IN_TAG,v0.1.0-rc1 at ff529005bf7d00a0c3f79ba991563f3923d63205
artifacts/selected_run_summaries/runs/ragtune_strict_git_provenance_repair_v1_20260809-173309-8621179ce7/no_overwrite_audit.json,D,REMOVED_REDUNDANT_IN_TAG,v0.1.0-rc1 at ff529005bf7d00a0c3f79ba991563f3923d63205
artifacts/selected_run_summaries/runs/ragtune_strict_git_provenance_repair_v1_20260809-173309-8621179ce7/run_manifest.json,D,REMOVED_REDUNDANT_IN_TAG,v0.1.0-rc1 at ff529005bf7d00a0c3f79ba991563f3923d63205
artifacts/selected_run_summaries/runs/ragtune_strict_git_provenance_repair_v1_20260809-173309-8621179ce7/strict_git_provenance_manifest.json,D,REMOVED_REDUNDANT_IN_TAG,v0.1.0-rc1 at ff529005bf7d00a0c3f79ba991563f3923d63205
artifacts/selected_run_summaries/runs/ragtune_strict_git_provenance_repair_v1_20260809-173309-8621179ce7/strict_git_provenance_repair_report.json,D,REMOVED_REDUNDANT_IN_TAG,v0.1.0-rc1 at ff529005bf7d00a0c3f79ba991563f3923d63205
artifacts/selected_run_summaries/runs/ragtune_strict_git_provenance_repair_v1_20260809-173309-8621179ce7/strict_git_provenance_repair_report.md,D,REMOVED_REDUNDANT_IN_TAG,v0.1.0-rc1 at ff529005bf7d00a0c3f79ba991563f3923d63205
