former_identifier,new_identifier,category,source_path,consumer_paths,semantic_change
configs/experiments/ragtune_aim_hardware_characterization_v1.yaml,configs/experiments/ragwarrant_aim_hardware_characterization_v1.yaml,active_suite_config,configs/experiments/ragtune_aim_hardware_characterization_v1.yaml,current tree references updated by WP2,false
configs/experiments/ragtune_aim_hardware_matrix_v1.yaml,configs/experiments/ragwarrant_aim_hardware_matrix_v1.yaml,active_suite_config,configs/experiments/ragtune_aim_hardware_matrix_v1.yaml,current tree references updated by WP2,false
configs/experiments/ragtune_answer_quality_measurement_v1.yaml,configs/experiments/ragwarrant_answer_quality_measurement_v1.yaml,active_suite_config,configs/experiments/ragtune_answer_quality_measurement_v1.yaml,current tree references updated by WP2,false
configs/experiments/ragtune_behavioral_governance_paper_summary_v1.yaml,configs/experiments/ragwarrant_behavioral_governance_paper_summary_v1.yaml,active_suite_config,configs/experiments/ragtune_behavioral_governance_paper_summary_v1.yaml,current tree references updated by WP2,false
configs/experiments/ragtune_behavioral_governance_primary_outcome_v1.yaml,configs/experiments/ragwarrant_behavioral_governance_primary_outcome_v1.yaml,active_suite_config,configs/experiments/ragtune_behavioral_governance_primary_outcome_v1.yaml,current tree references updated by WP2,false
configs/experiments/ragtune_behavioral_governance_repeat_v1.yaml,configs/experiments/ragwarrant_behavioral_governance_repeat_v1.yaml,active_suite_config,configs/experiments/ragtune_behavioral_governance_repeat_v1.yaml,current tree references updated by WP2,false
configs/experiments/ragtune_behaviorally_distinct_policy_suite_v1.yaml,configs/experiments/ragwarrant_behaviorally_distinct_policy_suite_v1.yaml,active_suite_config,configs/experiments/ragtune_behaviorally_distinct_policy_suite_v1.yaml,current tree references updated by WP2,false
configs/experiments/ragtune_beneficial_governance_divergence_search_v1.yaml,configs/experiments/ragwarrant_beneficial_governance_divergence_search_v1.yaml,active_suite_config,configs/experiments/ragtune_beneficial_governance_divergence_search_v1.yaml,current tree references updated by WP2,false
configs/experiments/ragtune_certificate_calibration_v1.yaml,configs/experiments/ragwarrant_certificate_calibration_v1.yaml,active_suite_config,configs/experiments/ragtune_certificate_calibration_v1.yaml,current tree references updated by WP2,false
configs/experiments/ragtune_challenge_unlock_v1.yaml,configs/experiments/ragwarrant_challenge_unlock_v1.yaml,active_suite_config,configs/experiments/ragtune_challenge_unlock_v1.yaml,current tree references updated by WP2,false
configs/experiments/ragtune_cloud_repro_v1.yaml,configs/experiments/ragwarrant_cloud_repro_v1.yaml,active_suite_config,configs/experiments/ragtune_cloud_repro_v1.yaml,current tree references updated by WP2,false
configs/experiments/ragtune_confirmatory_provenance_v1.yaml,configs/experiments/ragwarrant_confirmatory_provenance_v1.yaml,active_suite_config,configs/experiments/ragtune_confirmatory_provenance_v1.yaml,current tree references updated by WP2,false
configs/experiments/ragtune_confirmatory_provenance_v2.yaml,configs/experiments/ragwarrant_confirmatory_provenance_v2.yaml,active_suite_config,configs/experiments/ragtune_confirmatory_provenance_v2.yaml,current tree references updated by WP2,false
configs/experiments/ragtune_confirmatory_readiness_gate_v1.yaml,configs/experiments/ragwarrant_confirmatory_readiness_gate_v1.yaml,active_suite_config,configs/experiments/ragtune_confirmatory_readiness_gate_v1.yaml,current tree references updated by WP2,false
configs/experiments/ragtune_container_smoke_tests_v1.yaml,configs/experiments/ragwarrant_container_smoke_tests_v1.yaml,active_suite_config,configs/experiments/ragtune_container_smoke_tests_v1.yaml,current tree references updated by WP2,false
configs/experiments/ragtune_continued_investment_decision_memo_v1.yaml,configs/experiments/ragwarrant_continued_investment_decision_memo_v1.yaml,active_suite_config,configs/experiments/ragtune_continued_investment_decision_memo_v1.yaml,current tree references updated by WP2,false
configs/experiments/ragtune_crag_acquisition_adapter_v1.yaml,configs/experiments/ragwarrant_crag_acquisition_adapter_v1.yaml,active_suite_config,configs/experiments/ragtune_crag_acquisition_adapter_v1.yaml,current tree references updated by WP2,false
configs/experiments/ragtune_crag_evaluator_mapping_diagnostic_v2.yaml,configs/experiments/ragwarrant_crag_evaluator_mapping_diagnostic_v2.yaml,active_suite_config,configs/experiments/ragtune_crag_evaluator_mapping_diagnostic_v2.yaml,current tree references updated by WP2,false
configs/experiments/ragtune_crag_generated_answer_evaluator_mapping_v1.yaml,configs/experiments/ragwarrant_crag_generated_answer_evaluator_mapping_v1.yaml,active_suite_config,configs/experiments/ragtune_crag_generated_answer_evaluator_mapping_v1.yaml,current tree references updated by WP2,false
configs/experiments/ragtune_crag_generative_llm_validation_v1.yaml,configs/experiments/ragwarrant_crag_generative_llm_validation_v1.yaml,active_suite_config,configs/experiments/ragtune_crag_generative_llm_validation_v1.yaml,current tree references updated by WP2,false
configs/experiments/ragtune_crag_generative_quality_risk_guardrail_v2.yaml,configs/experiments/ragwarrant_crag_generative_quality_risk_guardrail_v2.yaml,active_suite_config,configs/experiments/ragtune_crag_generative_quality_risk_guardrail_v2.yaml,current tree references updated by WP2,false
configs/experiments/ragtune_crag_governance_evaluation_v1.yaml,configs/experiments/ragwarrant_crag_governance_evaluation_v1.yaml,active_suite_config,configs/experiments/ragtune_crag_governance_evaluation_v1.yaml,current tree references updated by WP2,false
configs/experiments/ragtune_crag_manual_approval_decision_v1.yaml,configs/experiments/ragwarrant_crag_manual_approval_decision_v1.yaml,active_suite_config,configs/experiments/ragtune_crag_manual_approval_decision_v1.yaml,current tree references updated by WP2,false
configs/experiments/ragtune_crag_manual_approval_decision_v2.yaml,configs/experiments/ragwarrant_crag_manual_approval_decision_v2.yaml,active_suite_config,configs/experiments/ragtune_crag_manual_approval_decision_v2.yaml,current tree references updated by WP2,false
configs/experiments/ragtune_crag_mock_api_ablation_v1.yaml,configs/experiments/ragwarrant_crag_mock_api_ablation_v1.yaml,active_suite_config,configs/experiments/ragtune_crag_mock_api_ablation_v1.yaml,current tree references updated by WP2,false
configs/experiments/ragtune_crag_mock_api_case_explanation_pack_v1.yaml,configs/experiments/ragwarrant_crag_mock_api_case_explanation_pack_v1.yaml,active_suite_config,configs/experiments/ragtune_crag_mock_api_case_explanation_pack_v1.yaml,current tree references updated by WP2,false
configs/experiments/ragtune_crag_mock_api_docker_reproduction_v1.yaml,configs/experiments/ragwarrant_crag_mock_api_docker_reproduction_v1.yaml,active_suite_config,configs/experiments/ragtune_crag_mock_api_docker_reproduction_v1.yaml,current tree references updated by WP2,false
configs/experiments/ragtune_crag_mock_api_evidence_synthesis_v1.yaml,configs/experiments/ragwarrant_crag_mock_api_evidence_synthesis_v1.yaml,active_suite_config,configs/experiments/ragtune_crag_mock_api_evidence_synthesis_v1.yaml,current tree references updated by WP2,false
configs/experiments/ragtune_crag_mock_api_governance_evaluation_v1.yaml,configs/experiments/ragwarrant_crag_mock_api_governance_evaluation_v1.yaml,active_suite_config,configs/experiments/ragtune_crag_mock_api_governance_evaluation_v1.yaml,current tree references updated by WP2,false
configs/experiments/ragtune_crag_mock_api_path_v1.yaml,configs/experiments/ragwarrant_crag_mock_api_path_v1.yaml,active_suite_config,configs/experiments/ragtune_crag_mock_api_path_v1.yaml,current tree references updated by WP2,false
configs/experiments/ragtune_crag_mock_api_repeat_validation_v1.yaml,configs/experiments/ragwarrant_crag_mock_api_repeat_validation_v1.yaml,active_suite_config,configs/experiments/ragtune_crag_mock_api_repeat_validation_v1.yaml,current tree references updated by WP2,false
configs/experiments/ragtune_crag_mock_api_server_smoke_v1.yaml,configs/experiments/ragwarrant_crag_mock_api_server_smoke_v1.yaml,active_suite_config,configs/experiments/ragtune_crag_mock_api_server_smoke_v1.yaml,current tree references updated by WP2,false
configs/experiments/ragtune_crag_mock_api_validation_v1.yaml,configs/experiments/ragwarrant_crag_mock_api_validation_v1.yaml,active_suite_config,configs/experiments/ragtune_crag_mock_api_validation_v1.yaml,current tree references updated by WP2,false
configs/experiments/ragtune_crag_mock_api_validation_v1_docker.yaml,configs/experiments/ragwarrant_crag_mock_api_validation_v1_docker.yaml,active_suite_config,configs/experiments/ragtune_crag_mock_api_validation_v1_docker.yaml,current tree references updated by WP2,false
configs/experiments/ragtune_crag_readiness_gate_v1.yaml,configs/experiments/ragwarrant_crag_readiness_gate_v1.yaml,active_suite_config,configs/experiments/ragtune_crag_readiness_gate_v1.yaml,current tree references updated by WP2,false
configs/experiments/ragtune_dataset_acquisition_matrix_v2.yaml,configs/experiments/ragwarrant_dataset_acquisition_matrix_v2.yaml,active_suite_config,configs/experiments/ragtune_dataset_acquisition_matrix_v2.yaml,current tree references updated by WP2,false
configs/experiments/ragtune_dataset_matrix_v3.yaml,configs/experiments/ragwarrant_dataset_matrix_v3.yaml,active_suite_config,configs/experiments/ragtune_dataset_matrix_v3.yaml,current tree references updated by WP2,false
configs/experiments/ragtune_dataset_matrix_v4.yaml,configs/experiments/ragwarrant_dataset_matrix_v4.yaml,active_suite_config,configs/experiments/ragtune_dataset_matrix_v4.yaml,current tree references updated by WP2,false
configs/experiments/ragtune_deployment_readiness_v1.yaml,configs/experiments/ragwarrant_deployment_readiness_v1.yaml,active_suite_config,configs/experiments/ragtune_deployment_readiness_v1.yaml,current tree references updated by WP2,false
configs/experiments/ragtune_end_to_end_governance_replay_v1.yaml,configs/experiments/ragwarrant_end_to_end_governance_replay_v1.yaml,active_suite_config,configs/experiments/ragtune_end_to_end_governance_replay_v1.yaml,current tree references updated by WP2,false
configs/experiments/ragtune_end_to_end_governance_replay_v2.yaml,configs/experiments/ragwarrant_end_to_end_governance_replay_v2.yaml,active_suite_config,configs/experiments/ragtune_end_to_end_governance_replay_v2.yaml,current tree references updated by WP2,false
configs/experiments/ragtune_end_to_end_governance_replay_v3.yaml,configs/experiments/ragwarrant_end_to_end_governance_replay_v3.yaml,active_suite_config,configs/experiments/ragtune_end_to_end_governance_replay_v3.yaml,current tree references updated by WP2,false
configs/experiments/ragtune_end_to_end_public_confirmatory_v1.yaml,configs/experiments/ragwarrant_end_to_end_public_confirmatory_v1.yaml,active_suite_config,configs/experiments/ragtune_end_to_end_public_confirmatory_v1.yaml,current tree references updated by WP2,false
configs/experiments/ragtune_end_to_end_public_confirmatory_v1_confirmatory.yaml,configs/experiments/ragwarrant_end_to_end_public_confirmatory_v1_confirmatory.yaml,active_suite_config,configs/experiments/ragtune_end_to_end_public_confirmatory_v1_confirmatory.yaml,current tree references updated by WP2,false
configs/experiments/ragtune_end_to_end_public_confirmatory_v1_development.yaml,configs/experiments/ragwarrant_end_to_end_public_confirmatory_v1_development.yaml,active_suite_config,configs/experiments/ragtune_end_to_end_public_confirmatory_v1_development.yaml,current tree references updated by WP2,false
configs/experiments/ragtune_end_to_end_public_confirmatory_v1_smoke.yaml,configs/experiments/ragwarrant_end_to_end_public_confirmatory_v1_smoke.yaml,active_suite_config,configs/experiments/ragtune_end_to_end_public_confirmatory_v1_smoke.yaml,current tree references updated by WP2,false
configs/experiments/ragtune_end_to_end_public_confirmatory_v2.yaml,configs/experiments/ragwarrant_end_to_end_public_confirmatory_v2.yaml,active_suite_config,configs/experiments/ragtune_end_to_end_public_confirmatory_v2.yaml,current tree references updated by WP2,false
configs/experiments/ragtune_end_to_end_public_development_v1.yaml,configs/experiments/ragwarrant_end_to_end_public_development_v1.yaml,active_suite_config,configs/experiments/ragtune_end_to_end_public_development_v1.yaml,current tree references updated by WP2,false
configs/experiments/ragtune_end_to_end_public_development_v2.yaml,configs/experiments/ragwarrant_end_to_end_public_development_v2.yaml,active_suite_config,configs/experiments/ragtune_end_to_end_public_development_v2.yaml,current tree references updated by WP2,false
configs/experiments/ragtune_end_to_end_public_v1_confirmatory.yaml,configs/experiments/ragwarrant_end_to_end_public_v1_confirmatory.yaml,active_suite_config,configs/experiments/ragtune_end_to_end_public_v1_confirmatory.yaml,current tree references updated by WP2,false
configs/experiments/ragtune_end_to_end_public_v1_smoke.yaml,configs/experiments/ragwarrant_end_to_end_public_v1_smoke.yaml,active_suite_config,configs/experiments/ragtune_end_to_end_public_v1_smoke.yaml,current tree references updated by WP2,false
configs/experiments/ragtune_end_to_end_robustness_security_v3.yaml,configs/experiments/ragwarrant_end_to_end_robustness_security_v3.yaml,active_suite_config,configs/experiments/ragtune_end_to_end_robustness_security_v3.yaml,current tree references updated by WP2,false
configs/experiments/ragtune_end_to_end_robustness_v2.yaml,configs/experiments/ragwarrant_end_to_end_robustness_v2.yaml,active_suite_config,configs/experiments/ragtune_end_to_end_robustness_v2.yaml,current tree references updated by WP2,false
configs/experiments/ragtune_end_to_end_v1.yaml,configs/experiments/ragwarrant_end_to_end_v1.yaml,active_suite_config,configs/experiments/ragtune_end_to_end_v1.yaml,current tree references updated by WP2,false
configs/experiments/ragtune_external_evaluator_adapter_demo_v1.yaml,configs/experiments/ragwarrant_external_evaluator_adapter_demo_v1.yaml,active_suite_config,configs/experiments/ragtune_external_evaluator_adapter_demo_v1.yaml,current tree references updated by WP2,false
configs/experiments/ragtune_fresh_clone_reproducibility_v1.yaml,configs/experiments/ragwarrant_fresh_clone_reproducibility_v1.yaml,active_suite_config,configs/experiments/ragtune_fresh_clone_reproducibility_v1.yaml,current tree references updated by WP2,false
configs/experiments/ragtune_fresh_live_crag_mock_api_behavioral_governance_v1.yaml,configs/experiments/ragwarrant_fresh_live_crag_mock_api_behavioral_governance_v1.yaml,active_suite_config,configs/experiments/ragtune_fresh_live_crag_mock_api_behavioral_governance_v1.yaml,current tree references updated by WP2,false
configs/experiments/ragtune_generated_answer_quality_v1.yaml,configs/experiments/ragwarrant_generated_answer_quality_v1.yaml,active_suite_config,configs/experiments/ragtune_generated_answer_quality_v1.yaml,current tree references updated by WP2,false
configs/experiments/ragtune_generative_llm_regime_v1.yaml,configs/experiments/ragwarrant_generative_llm_regime_v1.yaml,active_suite_config,configs/experiments/ragtune_generative_llm_regime_v1.yaml,current tree references updated by WP2,false
configs/experiments/ragtune_generative_llm_validation_synthesis_v1.yaml,configs/experiments/ragwarrant_generative_llm_validation_synthesis_v1.yaml,active_suite_config,configs/experiments/ragtune_generative_llm_validation_synthesis_v1.yaml,current tree references updated by WP2,false
configs/experiments/ragtune_generative_llm_validation_v1.yaml,configs/experiments/ragwarrant_generative_llm_validation_v1.yaml,active_suite_config,configs/experiments/ragtune_generative_llm_validation_v1.yaml,current tree references updated by WP2,false
configs/experiments/ragtune_generative_regime_validation_v1.yaml,configs/experiments/ragwarrant_generative_regime_validation_v1.yaml,active_suite_config,configs/experiments/ragtune_generative_regime_validation_v1.yaml,current tree references updated by WP2,false
configs/experiments/ragtune_generator_cost_model_v1.yaml,configs/experiments/ragwarrant_generator_cost_model_v1.yaml,active_suite_config,configs/experiments/ragtune_generator_cost_model_v1.yaml,current tree references updated by WP2,false
configs/experiments/ragtune_generator_path_enablement_v2.yaml,configs/experiments/ragwarrant_generator_path_enablement_v2.yaml,active_suite_config,configs/experiments/ragtune_generator_path_enablement_v2.yaml,current tree references updated by WP2,false
configs/experiments/ragtune_generator_path_enablement_v3.yaml,configs/experiments/ragwarrant_generator_path_enablement_v3.yaml,active_suite_config,configs/experiments/ragtune_generator_path_enablement_v3.yaml,current tree references updated by WP2,false
configs/experiments/ragtune_generator_path_enablement_v4.yaml,configs/experiments/ragwarrant_generator_path_enablement_v4.yaml,active_suite_config,configs/experiments/ragtune_generator_path_enablement_v4.yaml,current tree references updated by WP2,false
configs/experiments/ragtune_generator_regime_enablement_v1.yaml,configs/experiments/ragwarrant_generator_regime_enablement_v1.yaml,active_suite_config,configs/experiments/ragtune_generator_regime_enablement_v1.yaml,current tree references updated by WP2,false
configs/experiments/ragtune_governance_ablation_confirmatory_v1.yaml,configs/experiments/ragwarrant_governance_ablation_confirmatory_v1.yaml,active_suite_config,configs/experiments/ragtune_governance_ablation_confirmatory_v1.yaml,current tree references updated by WP2,false
configs/experiments/ragtune_governance_ablation_confirmatory_v2.yaml,configs/experiments/ragwarrant_governance_ablation_confirmatory_v2.yaml,active_suite_config,configs/experiments/ragtune_governance_ablation_confirmatory_v2.yaml,current tree references updated by WP2,false
configs/experiments/ragtune_governance_ablation_v1.yaml,configs/experiments/ragwarrant_governance_ablation_v1.yaml,active_suite_config,configs/experiments/ragtune_governance_ablation_v1.yaml,current tree references updated by WP2,false
configs/experiments/ragtune_governance_platform_benchmarks_v1.yaml,configs/experiments/ragwarrant_governance_platform_benchmarks_v1.yaml,active_suite_config,configs/experiments/ragtune_governance_platform_benchmarks_v1.yaml,current tree references updated by WP2,false
configs/experiments/ragtune_governance_power_analysis_v2.yaml,configs/experiments/ragwarrant_governance_power_analysis_v2.yaml,active_suite_config,configs/experiments/ragtune_governance_power_analysis_v2.yaml,current tree references updated by WP2,false
configs/experiments/ragtune_governance_robustness_security_confirmatory_v1.yaml,configs/experiments/ragwarrant_governance_robustness_security_confirmatory_v1.yaml,active_suite_config,configs/experiments/ragtune_governance_robustness_security_confirmatory_v1.yaml,current tree references updated by WP2,false
configs/experiments/ragtune_governance_superiority_cases_v1.yaml,configs/experiments/ragwarrant_governance_superiority_cases_v1.yaml,active_suite_config,configs/experiments/ragtune_governance_superiority_cases_v1.yaml,current tree references updated by WP2,false
configs/experiments/ragtune_governance_workflow_benchmarks_v1.yaml,configs/experiments/ragwarrant_governance_workflow_benchmarks_v1.yaml,active_suite_config,configs/experiments/ragtune_governance_workflow_benchmarks_v1.yaml,current tree references updated by WP2,false
configs/experiments/ragtune_governed_selection_confirmatory_v1.yaml,configs/experiments/ragwarrant_governed_selection_confirmatory_v1.yaml,active_suite_config,configs/experiments/ragtune_governed_selection_confirmatory_v1.yaml,current tree references updated by WP2,false
configs/experiments/ragtune_governed_selection_confirmatory_v2.yaml,configs/experiments/ragwarrant_governed_selection_confirmatory_v2.yaml,active_suite_config,configs/experiments/ragtune_governed_selection_confirmatory_v2.yaml,current tree references updated by WP2,false
configs/experiments/ragtune_hotpotqa_behavioral_governance_v1.yaml,configs/experiments/ragwarrant_hotpotqa_behavioral_governance_v1.yaml,active_suite_config,configs/experiments/ragtune_hotpotqa_behavioral_governance_v1.yaml,current tree references updated by WP2,false
configs/experiments/ragtune_hotpotqa_corpus_reconstruction_v1.yaml,configs/experiments/ragwarrant_hotpotqa_corpus_reconstruction_v1.yaml,active_suite_config,configs/experiments/ragtune_hotpotqa_corpus_reconstruction_v1.yaml,current tree references updated by WP2,false
configs/experiments/ragtune_hotpotqa_generative_llm_validation_v1.yaml,configs/experiments/ragwarrant_hotpotqa_generative_llm_validation_v1.yaml,active_suite_config,configs/experiments/ragtune_hotpotqa_generative_llm_validation_v1.yaml,current tree references updated by WP2,false
configs/experiments/ragtune_hotpotqa_generative_quality_signal_audit_v1.yaml,configs/experiments/ragwarrant_hotpotqa_generative_quality_signal_audit_v1.yaml,active_suite_config,configs/experiments/ragtune_hotpotqa_generative_quality_signal_audit_v1.yaml,current tree references updated by WP2,false
configs/experiments/ragtune_hotpotqa_generative_quality_signal_audit_v2.yaml,configs/experiments/ragwarrant_hotpotqa_generative_quality_signal_audit_v2.yaml,active_suite_config,configs/experiments/ragtune_hotpotqa_generative_quality_signal_audit_v2.yaml,current tree references updated by WP2,false
configs/experiments/ragtune_hotpotqa_quality_measurement_v1.yaml,configs/experiments/ragwarrant_hotpotqa_quality_measurement_v1.yaml,active_suite_config,configs/experiments/ragtune_hotpotqa_quality_measurement_v1.yaml,current tree references updated by WP2,false
configs/experiments/ragtune_human_eval_execution_readiness_v1.yaml,configs/experiments/ragwarrant_human_eval_execution_readiness_v1.yaml,active_suite_config,configs/experiments/ragtune_human_eval_execution_readiness_v1.yaml,current tree references updated by WP2,false
configs/experiments/ragtune_human_eval_execution_readiness_v2.yaml,configs/experiments/ragwarrant_human_eval_execution_readiness_v2.yaml,active_suite_config,configs/experiments/ragtune_human_eval_execution_readiness_v2.yaml,current tree references updated by WP2,false
configs/experiments/ragtune_human_eval_pilot_readiness_v3.yaml,configs/experiments/ragwarrant_human_eval_pilot_readiness_v3.yaml,active_suite_config,configs/experiments/ragtune_human_eval_pilot_readiness_v3.yaml,current tree references updated by WP2,false
configs/experiments/ragtune_human_eval_pilot_v1.yaml,configs/experiments/ragwarrant_human_eval_pilot_v1.yaml,active_suite_config,configs/experiments/ragtune_human_eval_pilot_v1.yaml,current tree references updated by WP2,false
configs/experiments/ragtune_human_eval_pilot_v4.yaml,configs/experiments/ragwarrant_human_eval_pilot_v4.yaml,active_suite_config,configs/experiments/ragtune_human_eval_pilot_v4.yaml,current tree references updated by WP2,false
configs/experiments/ragtune_human_eval_sample_v1.yaml,configs/experiments/ragwarrant_human_eval_sample_v1.yaml,active_suite_config,configs/experiments/ragtune_human_eval_sample_v1.yaml,current tree references updated by WP2,false
configs/experiments/ragtune_human_eval_sample_v2.yaml,configs/experiments/ragwarrant_human_eval_sample_v2.yaml,active_suite_config,configs/experiments/ragtune_human_eval_sample_v2.yaml,current tree references updated by WP2,false
configs/experiments/ragtune_human_eval_sample_v3.yaml,configs/experiments/ragwarrant_human_eval_sample_v3.yaml,active_suite_config,configs/experiments/ragtune_human_eval_sample_v3.yaml,current tree references updated by WP2,false
configs/experiments/ragtune_human_eval_validation_v1.yaml,configs/experiments/ragwarrant_human_eval_validation_v1.yaml,active_suite_config,configs/experiments/ragtune_human_eval_validation_v1.yaml,current tree references updated by WP2,false
configs/experiments/ragtune_human_eval_workflow_setup_v2.yaml,configs/experiments/ragwarrant_human_eval_workflow_setup_v2.yaml,active_suite_config,configs/experiments/ragtune_human_eval_workflow_setup_v2.yaml,current tree references updated by WP2,false
configs/experiments/ragtune_multi_corpus_validation_v1.yaml,configs/experiments/ragwarrant_multi_corpus_validation_v1.yaml,active_suite_config,configs/experiments/ragtune_multi_corpus_validation_v1.yaml,current tree references updated by WP2,false
configs/experiments/ragtune_multi_corpus_validation_v2.yaml,configs/experiments/ragwarrant_multi_corpus_validation_v2.yaml,active_suite_config,configs/experiments/ragtune_multi_corpus_validation_v2.yaml,current tree references updated by WP2,false
configs/experiments/ragtune_multi_corpus_validation_v3.yaml,configs/experiments/ragwarrant_multi_corpus_validation_v3.yaml,active_suite_config,configs/experiments/ragtune_multi_corpus_validation_v3.yaml,current tree references updated by WP2,false
configs/experiments/ragtune_multi_corpus_validation_v4.yaml,configs/experiments/ragwarrant_multi_corpus_validation_v4.yaml,active_suite_config,configs/experiments/ragtune_multi_corpus_validation_v4.yaml,current tree references updated by WP2,false
configs/experiments/ragtune_multi_dataset_behavioral_governance_synthesis_v1.yaml,configs/experiments/ragwarrant_multi_dataset_behavioral_governance_synthesis_v1.yaml,active_suite_config,configs/experiments/ragtune_multi_dataset_behavioral_governance_synthesis_v1.yaml,current tree references updated by WP2,false
configs/experiments/ragtune_multihop_confirmatory_data_verify_v1.yaml,configs/experiments/ragwarrant_multihop_confirmatory_data_verify_v1.yaml,active_suite_config,configs/experiments/ragtune_multihop_confirmatory_data_verify_v1.yaml,current tree references updated by WP2,false
configs/experiments/ragtune_natural_divergence_adjudication_v1.yaml,configs/experiments/ragwarrant_natural_divergence_adjudication_v1.yaml,active_suite_config,configs/experiments/ragtune_natural_divergence_adjudication_v1.yaml,current tree references updated by WP2,false
configs/experiments/ragtune_natural_governance_superiority_v1.yaml,configs/experiments/ragwarrant_natural_governance_superiority_v1.yaml,active_suite_config,configs/experiments/ragtune_natural_governance_superiority_v1.yaml,current tree references updated by WP2,false
configs/experiments/ragtune_natural_governance_superiority_v2.yaml,configs/experiments/ragwarrant_natural_governance_superiority_v2.yaml,active_suite_config,configs/experiments/ragtune_natural_governance_superiority_v2.yaml,current tree references updated by WP2,false
configs/experiments/ragtune_natural_governance_superiority_v3.yaml,configs/experiments/ragwarrant_natural_governance_superiority_v3.yaml,active_suite_config,configs/experiments/ragtune_natural_governance_superiority_v3.yaml,current tree references updated by WP2,false
configs/experiments/ragtune_offline_public_row_level_validation_v2.yaml,configs/experiments/ragwarrant_offline_public_row_level_validation_v2.yaml,active_suite_config,configs/experiments/ragtune_offline_public_row_level_validation_v2.yaml,current tree references updated by WP2,false
configs/experiments/ragtune_open_source_arxiv_readiness_synthesis_v1.yaml,configs/experiments/ragwarrant_open_source_arxiv_readiness_synthesis_v1.yaml,active_suite_config,configs/experiments/ragtune_open_source_arxiv_readiness_synthesis_v1.yaml,current tree references updated by WP2,false
configs/experiments/ragtune_pareto_constraint_baselines_v1.yaml,configs/experiments/ragwarrant_pareto_constraint_baselines_v1.yaml,active_suite_config,configs/experiments/ragtune_pareto_constraint_baselines_v1.yaml,current tree references updated by WP2,false
configs/experiments/ragtune_platform_integration_readiness_v2.yaml,configs/experiments/ragwarrant_platform_integration_readiness_v2.yaml,active_suite_config,configs/experiments/ragtune_platform_integration_readiness_v2.yaml,current tree references updated by WP2,false
configs/experiments/ragtune_platform_integration_readiness_v3.yaml,configs/experiments/ragwarrant_platform_integration_readiness_v3.yaml,active_suite_config,configs/experiments/ragtune_platform_integration_readiness_v3.yaml,current tree references updated by WP2,false
configs/experiments/ragtune_power_analysis_v1.yaml,configs/experiments/ragwarrant_power_analysis_v1.yaml,active_suite_config,configs/experiments/ragtune_power_analysis_v1.yaml,current tree references updated by WP2,false
configs/experiments/ragtune_provenance_repair_v1.yaml,configs/experiments/ragwarrant_provenance_repair_v1.yaml,active_suite_config,configs/experiments/ragtune_provenance_repair_v1.yaml,current tree references updated by WP2,false
configs/experiments/ragtune_public_mini_reproduction_v1.yaml,configs/experiments/ragwarrant_public_mini_reproduction_v1.yaml,active_suite_config,configs/experiments/ragtune_public_mini_reproduction_v1.yaml,current tree references updated by WP2,false
configs/experiments/ragtune_rag_compass_niche_analysis_v1.yaml,configs/experiments/ragwarrant_rag_compass_niche_analysis_v1.yaml,active_suite_config,configs/experiments/ragtune_rag_compass_niche_analysis_v1.yaml,current tree references updated by WP2,false
configs/experiments/ragtune_ragbench_end_to_end_loader_v1.yaml,configs/experiments/ragwarrant_ragbench_end_to_end_loader_v1.yaml,active_suite_config,configs/experiments/ragtune_ragbench_end_to_end_loader_v1.yaml,current tree references updated by WP2,false
configs/experiments/ragtune_ragbench_subset_expansion_v1.yaml,configs/experiments/ragwarrant_ragbench_subset_expansion_v1.yaml,active_suite_config,configs/experiments/ragtune_ragbench_subset_expansion_v1.yaml,current tree references updated by WP2,false
configs/experiments/ragtune_rc1_arxiv_readiness_synthesis_v1.yaml,configs/experiments/ragwarrant_rc1_arxiv_readiness_synthesis_v1.yaml,active_suite_config,configs/experiments/ragtune_rc1_arxiv_readiness_synthesis_v1.yaml,current tree references updated by WP2,false
configs/experiments/ragtune_real_rag_governance_ablation_v1.yaml,configs/experiments/ragwarrant_real_rag_governance_ablation_v1.yaml,active_suite_config,configs/experiments/ragtune_real_rag_governance_ablation_v1.yaml,current tree references updated by WP2,false
configs/experiments/ragtune_real_rag_reproduction_v1_confirmatory.yaml,configs/experiments/ragwarrant_real_rag_reproduction_v1_confirmatory.yaml,active_suite_config,configs/experiments/ragtune_real_rag_reproduction_v1_confirmatory.yaml,current tree references updated by WP2,false
configs/experiments/ragtune_real_rag_reproduction_v1_development.yaml,configs/experiments/ragwarrant_real_rag_reproduction_v1_development.yaml,active_suite_config,configs/experiments/ragtune_real_rag_reproduction_v1_development.yaml,current tree references updated by WP2,false
configs/experiments/ragtune_real_rag_reproduction_v1_public_confirmatory.yaml,configs/experiments/ragwarrant_real_rag_reproduction_v1_public_confirmatory.yaml,active_suite_config,configs/experiments/ragtune_real_rag_reproduction_v1_public_confirmatory.yaml,current tree references updated by WP2,false
configs/experiments/ragtune_real_rag_reproduction_v1_public_development.yaml,configs/experiments/ragwarrant_real_rag_reproduction_v1_public_development.yaml,active_suite_config,configs/experiments/ragtune_real_rag_reproduction_v1_public_development.yaml,current tree references updated by WP2,false
configs/experiments/ragtune_real_rag_reproduction_v1_smoke.yaml,configs/experiments/ragwarrant_real_rag_reproduction_v1_smoke.yaml,active_suite_config,configs/experiments/ragtune_real_rag_reproduction_v1_smoke.yaml,current tree references updated by WP2,false
configs/experiments/ragtune_release_candidate_v1.yaml,configs/experiments/ragwarrant_release_candidate_v1.yaml,active_suite_config,configs/experiments/ragtune_release_candidate_v1.yaml,current tree references updated by WP2,false
configs/experiments/ragtune_reproduction_v1.yaml,configs/experiments/ragwarrant_reproduction_v1.yaml,active_suite_config,configs/experiments/ragtune_reproduction_v1.yaml,current tree references updated by WP2,false
configs/experiments/ragtune_robustness_security_v1.yaml,configs/experiments/ragwarrant_robustness_security_v1.yaml,active_suite_config,configs/experiments/ragtune_robustness_security_v1.yaml,current tree references updated by WP2,false
configs/experiments/ragtune_robustness_v1.yaml,configs/experiments/ragwarrant_robustness_v1.yaml,active_suite_config,configs/experiments/ragtune_robustness_v1.yaml,current tree references updated by WP2,false
configs/experiments/ragtune_row_level_reconstruction_v1.yaml,configs/experiments/ragwarrant_row_level_reconstruction_v1.yaml,active_suite_config,configs/experiments/ragtune_row_level_reconstruction_v1.yaml,current tree references updated by WP2,false
configs/experiments/ragtune_security_regression_v4.yaml,configs/experiments/ragwarrant_security_regression_v4.yaml,active_suite_config,configs/experiments/ragtune_security_regression_v4.yaml,current tree references updated by WP2,false
configs/experiments/ragtune_selection_regret_audit_v1.yaml,configs/experiments/ragwarrant_selection_regret_audit_v1.yaml,active_suite_config,configs/experiments/ragtune_selection_regret_audit_v1.yaml,current tree references updated by WP2,false
configs/experiments/ragtune_selection_regret_audit_v2.yaml,configs/experiments/ragwarrant_selection_regret_audit_v2.yaml,active_suite_config,configs/experiments/ragtune_selection_regret_audit_v2.yaml,current tree references updated by WP2,false
configs/experiments/ragtune_selector_ablation_matrix_v1.yaml,configs/experiments/ragwarrant_selector_ablation_matrix_v1.yaml,active_suite_config,configs/experiments/ragtune_selector_ablation_matrix_v1.yaml,current tree references updated by WP2,false
configs/experiments/ragtune_selector_ablation_stress_v2.yaml,configs/experiments/ragwarrant_selector_ablation_stress_v2.yaml,active_suite_config,configs/experiments/ragtune_selector_ablation_stress_v2.yaml,current tree references updated by WP2,false
configs/experiments/ragtune_statistical_audit_v1.yaml,configs/experiments/ragwarrant_statistical_audit_v1.yaml,active_suite_config,configs/experiments/ragtune_statistical_audit_v1.yaml,current tree references updated by WP2,false
configs/experiments/ragtune_strict_git_provenance_repair_v1.yaml,configs/experiments/ragwarrant_strict_git_provenance_repair_v1.yaml,active_suite_config,configs/experiments/ragtune_strict_git_provenance_repair_v1.yaml,current tree references updated by WP2,false
deploy/kubernetes/ragtune-configmap.example.yaml,deploy/kubernetes/ragwarrant-configmap.example.yaml,active_filename,deploy/kubernetes/ragtune-configmap.example.yaml,current tree references updated by WP2,false
deploy/kubernetes/ragtune-cronjob.yaml,deploy/kubernetes/ragwarrant-cronjob.yaml,active_filename,deploy/kubernetes/ragtune-cronjob.yaml,current tree references updated by WP2,false
deploy/kubernetes/ragtune-job.yaml,deploy/kubernetes/ragwarrant-job.yaml,active_filename,deploy/kubernetes/ragtune-job.yaml,current tree references updated by WP2,false
deploy/kubernetes/ragtune-pvc.example.yaml,deploy/kubernetes/ragwarrant-pvc.example.yaml,active_filename,deploy/kubernetes/ragtune-pvc.example.yaml,current tree references updated by WP2,false
deploy/kubernetes/ragtune-secret.example.yaml,deploy/kubernetes/ragwarrant-secret.example.yaml,active_filename,deploy/kubernetes/ragtune-secret.example.yaml,current tree references updated by WP2,false
scripts/verify_ragtune_run.py,scripts/verify_ragwarrant_run.py,active_script,scripts/verify_ragtune_run.py,current tree references updated by WP2,false
tests/test_ragtune_confirmatory_v2_phase.py,tests/test_ragwarrant_confirmatory_v2_phase.py,active_test,tests/test_ragtune_confirmatory_v2_phase.py,current tree references updated by WP2,false
tests/test_ragtune_corpus_expansion_v4_phase.py,tests/test_ragwarrant_corpus_expansion_v4_phase.py,active_test,tests/test_ragtune_corpus_expansion_v4_phase.py,current tree references updated by WP2,false
tests/test_ragtune_crag_mock_api_hardening_phase.py,tests/test_ragwarrant_crag_mock_api_hardening_phase.py,active_test,tests/test_ragtune_crag_mock_api_hardening_phase.py,current tree references updated by WP2,false
tests/test_ragtune_fresh_corpus_readiness_phase.py,tests/test_ragwarrant_fresh_corpus_readiness_phase.py,active_test,tests/test_ragtune_fresh_corpus_readiness_phase.py,current tree references updated by WP2,false
tests/test_ragtune_generalization_validation_phase.py,tests/test_ragwarrant_generalization_validation_phase.py,active_test,tests/test_ragtune_generalization_validation_phase.py,current tree references updated by WP2,false
tests/test_ragtune_governance_expansion_phase.py,tests/test_ragwarrant_governance_expansion_phase.py,active_test,tests/test_ragtune_governance_expansion_phase.py,current tree references updated by WP2,false
tests/test_ragtune_governance_first_phase.py,tests/test_ragwarrant_governance_first_phase.py,active_test,tests/test_ragtune_governance_first_phase.py,current tree references updated by WP2,false
tests/test_ragtune_ragbench_enablement_phase.py,tests/test_ragwarrant_ragbench_enablement_phase.py,active_test,tests/test_ragtune_ragbench_enablement_phase.py,current tree references updated by WP2,false
tests/test_ragtune_real_rag_validation.py,tests/test_ragwarrant_real_rag_validation.py,active_test,tests/test_ragtune_real_rag_validation.py,current tree references updated by WP2,false
tests/test_ragtune_rowlevel_e2e_phase.py,tests/test_ragwarrant_rowlevel_e2e_phase.py,active_test,tests/test_ragtune_rowlevel_e2e_phase.py,current tree references updated by WP2,false
tests/test_ragtune_validation.py,tests/test_ragwarrant_validation.py,active_test,tests/test_ragtune_validation.py,current tree references updated by WP2,false
tests/test_ragtune_validation_phase2.py,tests/test_ragwarrant_validation_phase2.py,active_test,tests/test_ragtune_validation_phase2.py,current tree references updated by WP2,false
